0.000089,1,10000,10074,0,123.510959
0.000792,2,10125,10149,0,88.740546
0.000792,2,10125,10171,0,39.027905
0.000792,2,10125,10193,0,38.694003
0.000792,2,10125,10216,0,40.537160
0.000792,2,10125,10237,0,36.922865
0.001424,3,10250,10260,0,40.497343
0.001424,3,10250,10282,0,38.554513
0.001424,3,10250,10303,0,36.924505
0.001424,3,10250,10325,0,38.624267
0.001424,3,10250,10348,0,40.002888
0.001424,3,10250,10369,0,37.263229
0.002039,4,10375,10440,0,145.913834
0.002714,5,10500,10531,0,209.783688
0.002714,5,10500,10589,0,105.327951
0.003347,6,10626,10653,0,116.458151
0.003347,6,10626,10716,0,117.116042
0.003973,7,10751,10803,0,175.200465
0.004629,8,10875,10886,0,161.794508
0.004629,8,10875,10974,0,177.882317
0.005291,9,11000,11061,0,180.553682
0.005937,10,11125,11147,0,182.803480
0.005937,10,11125,11165,0,26.573183
0.005937,10,11125,11183,0,26.818314
0.005937,10,11125,11201,0,26.801836
0.005937,10,11125,11219,0,26.407164
0.005937,10,11125,11236,0,24.790315
0.006620,11,11251,11254,0,26.792763
0.006620,11,11251,11280,0,44.357691
0.006620,11,11251,11306,0,44.173180
0.006620,11,11251,11332,0,44.427825
0.006620,11,11251,11359,0,46.451622
0.007235,12,11375,11384,0,42.643351
0.007235,12,11375,11395,0,11.531234
0.007235,12,11375,11407,0,13.767751
0.007235,12,11375,11418,0,11.508171
0.007235,12,11375,11429,0,11.354866
0.007235,12,11375,11440,0,11.459047
0.007235,12,11375,11452,0,13.735757
0.007235,12,11375,11463,0,11.335394
0.007235,12,11375,11475,0,13.458527
0.007235,12,11375,11486,0,11.379715
0.007235,12,11375,74,0,144.449898
0.007235,12,11375,148,0,138.893262
0.007235,12,11375,222,0,138.418514
0.007235,12,11375,296,0,138.627910
0.007235,12,11375,370,0,143.132284
0.007235,12,11375,444,0,139.394832
0.007235,12,11375,518,0,139.889781
0.007235,12,11375,592,0,138.663010
0.007235,12,11375,666,0,138.241570
0.007235,12,11375,740,0,139.163058
0.007235,12,11375,814,0,138.644670
0.007235,12,11375,888,0,138.381971
0.007235,12,11375,963,0,150.201364
0.007235,12,11375,1037,0,139.497460
0.007235,12,11375,1111,0,137.919211
0.007235,12,11375,1184,0,138.151603
0.007235,12,11375,1258,0,139.101855
0.007235,12,11375,1332,0,145.241938
0.007235,12,11375,1406,0,142.191295
0.007235,12,11375,1480,0,138.906126
0.007235,12,11375,1554,0,139.672046
0.007235,12,11375,1629,0,143.150006
0.007235,12,11375,1703,0,138.423243
0.007235,12,11375,1777,0,140.585599
0.007235,12,11375,1851,0,140.737191
0.007235,12,11375,1926,0,141.154525
0.007235,12,11375,2000,0,138.952069
0.007235,12,11375,2074,0,140.639960
0.007235,12,11375,2148,0,139.122765
0.007235,12,11375,2222,0,138.812069
0.007235,12,11375,2296,0,141.597614
0.007235,12,11375,2370,0,138.918170
0.007235,12,11375,2444,0,139.586258
0.007235,12,11375,2518,0,138.985855
0.007235,12,11375,2592,0,139.751491
0.007235,12,11375,2667,0,143.518262
0.007235,12,11375,2741,0,140.339233
0.007235,12,11375,2815,0,138.771263
0.007235,12,11375,2889,0,138.374151
0.007235,12,11375,2962,0,138.172935
0.007235,12,11375,3036,0,139.870792
0.007235,12,11375,3110,0,138.646896
0.007235,12,11375,3185,0,141.587572
0.007235,12,11375,3259,0,139.352928
0.007235,12,11375,3333,0,140.693591
0.007235,12,11375,3408,0,148.619670
0.007235,12,11375,3482,0,139.823539
0.007235,12,11375,3556,0,139.955584
0.007235,12,11375,3630,0,139.058531
0.007235,12,11375,3704,0,138.521173
0.007235,12,11375,3778,0,138.480927
0.007235,12,11375,3853,0,148.185095
0.007235,12,11375,3927,0,138.836560
0.007235,12,11375,4001,0,139.649741
0.007235,12,11375,4075,0,139.594628
0.007235,12,11375,4149,0,138.262236
0.007235,12,11375,4223,0,138.611561
0.007235,12,11375,4297,0,138.835002
0.007235,12,11375,4370,0,137.477550
0.007235,12,11375,4444,0,138.353977
0.007235,12,11375,4518,0,138.859958
0.007235,12,11375,4588,0,133.858392
0.007235,12,11375,4662,0,138.910422
0.007235,12,11375,4736,0,138.643181
0.007235,12,11375,4810,0,139.746940
0.007235,12,11375,4883,0,137.731570
0.007235,12,11375,4957,0,138.673055
0.007235,12,11375,5031,0,141.920304
0.007235,12,11375,5106,0,149.132295
0.007235,12,11375,5180,0,139.582833
0.007235,12,11375,5253,0,137.916858
0.007235,12,11375,5327,0,139.975752
0.007235,12,11375,5401,0,138.962609
0.007235,12,11375,5475,0,139.948985
0.007235,12,11375,5549,0,138.466070
0.007235,12,11375,5623,0,139.862399
0.007235,12,11375,5697,0,140.494350
0.007235,12,11375,5771,0,140.506200
0.007235,12,11375,5840,0,131.374231
0.007235,12,11375,5914,0,139.153810
0.007235,12,11375,5988,0,139.069792
0.007235,12,11375,6061,0,138.144072
0.007235,12,11375,6135,0,139.490798
0.007235,12,11375,6209,0,138.881497
0.007235,12,11375,6283,0,138.681644
0.007235,12,11375,6357,0,138.858421
0.007235,12,11375,6426,0,134.165982
0.007235,12,11375,6501,0,147.312427
0.007235,12,11375,6576,0,148.361430
0.007235,12,11375,6650,0,140.380875
0.007235,12,11375,6725,0,148.514398
0.007235,12,11375,6799,0,138.754884
0.007235,12,11375,6873,0,139.217566
0.007235,12,11375,6948,0,144.943668
0.007235,12,11375,7022,0,140.190403
0.007235,12,11375,7096,0,138.768776
0.007235,12,11375,7170,0,138.699213
0.007235,12,11375,7245,0,142.340131
0.007235,12,11375,7318,0,138.022837
0.007235,12,11375,7392,0,138.695328
0.007235,12,11375,7466,0,138.692143
0.007235,12,11375,7540,0,139.648661
0.007235,12,11375,7613,0,138.368536
0.007235,12,11375,7687,0,139.370858
0.007235,12,11375,7761,0,139.457708
0.007235,12,11375,7835,0,143.159335
0.007235,12,11375,7909,0,139.940762
0.007235,12,11375,7983,0,138.527422
0.007235,12,11375,8056,0,138.091662
0.007235,12,11375,8130,0,139.728530
0.007235,12,11375,8205,0,144.551598
0.007235,12,11375,8279,0,138.615713
0.007235,12,11375,8353,0,138.825601
0.007235,12,11375,8427,0,139.224356
0.007235,12,11375,8502,0,142.330589
0.007235,12,11375,8575,0,138.237575
0.007235,12,11375,8649,0,138.725453
0.007235,12,11375,8722,0,138.174152
0.007235,12,11375,8796,0,138.749811
0.007235,12,11375,8870,0,139.741707
0.007235,12,11375,8943,0,137.678746
0.007235,12,11375,9017,0,139.985354
0.007235,12,11375,9091,0,139.866528
0.007235,12,11375,9165,0,139.739972
0.007235,12,11375,9239,0,139.064412
0.007235,12,11375,9313,0,139.350346
0.007235,12,11375,9387,0,138.549229
0.007235,12,11375,9461,0,139.587984
0.007235,12,11375,9535,0,139.204069
0.007235,12,11375,9609,0,141.071071
0.007235,12,11375,9683,0,139.449973
0.007235,12,11375,9757,0,139.219169
0.007235,12,11375,9832,0,144.076461
0.007235,12,11375,9907,0,143.972118
0.007235,12,11375,9982,0,147.362873
0.000010,1,10000,10020,0,61.901159
0.000010,1,10000,10051,0,24.628780
0.000010,1,10000,10083,0,25.372486
0.000010,1,10000,10114,0,24.449888
0.000741,2,10125,10147,0,49.693373
0.000741,2,10125,10171,0,40.980147
0.000741,2,10125,10194,0,39.465115
0.000741,2,10125,10218,0,41.187931
0.000741,2,10125,10241,0,39.504106
0.001365,3,10250,10264,0,39.920617
0.001365,3,10250,10282,0,-1.363218
0.001365,3,10250,10300,0,-1.280642
0.001365,3,10250,10318,0,-1.134468
0.001365,3,10250,10336,0,-1.689527
0.001365,3,10250,10354,0,-1.470230
0.001365,3,10250,10372,0,-1.423215
0.001995,4,10376,10390,0,-1.524683
0.001995,4,10376,10408,0,-1.552173
0.001995,4,10376,10426,0,-1.500666
0.001995,4,10376,10444,0,-1.851489
0.001995,4,10376,10462,0,-1.443669
0.001995,4,10376,10480,0,-1.592812
0.001995,4,10376,10497,0,-0.792735
0.002615,5,10500,10515,0,-1.672122
0.002615,5,10500,10533,0,-1.195379
0.002615,5,10500,10551,0,-1.555158
0.002615,5,10500,10568,0,-0.949390
0.002615,5,10500,10586,0,-1.885291
0.002615,5,10500,10604,0,-1.803268
0.002615,5,10500,10622,0,-1.574692
0.003199,6,10626,10640,0,-1.577780
0.003199,6,10626,10657,0,-0.888004
0.003199,6,10626,10674,0,-0.860388
0.003199,6,10626,10691,0,-0.865116
0.003199,6,10626,10708,0,-1.041346
0.003199,6,10626,10725,0,-0.902054
0.003199,6,10626,10743,0,-1.490078
0.003784,7,10750,10760,0,-0.970099
0.003784,7,10750,10783,0,40.202743
0.003784,7,10750,10805,0,38.854277
0.003784,7,10750,10827,0,38.362876
0.003784,7,10750,10849,0,38.749777
0.003784,7,10750,10872,0,40.525102
0.004415,8,10876,10910,0,69.472796
0.004415,8,10876,10946,0,66.570912
0.004415,8,10876,10982,0,66.018446
0.005023,9,11000,11018,0,65.561656
0.005023,9,11000,11054,0,65.608843
0.005023,9,11000,11088,0,62.297904
0.005023,9,11000,11122,0,61.120049
0.005631,10,11125,11155,0,45.936850
0.005631,10,11125,11188,0,45.302462
0.005631,10,11125,11221,0,45.737711
0.006277,11,11251,11255,0,47.242362
0.006277,11,11251,11291,0,51.002270
0.006277,11,11251,11326,0,49.027935
0.006277,11,11251,11361,0,49.752117
0.006854,12,11376,11413,0,96.790705
0.006854,12,11376,11423,0,7.521423
0.006854,12,11376,11432,0,6.994522
0.006854,12,11376,11442,0,7.663891
0.006854,12,11376,11452,0,7.424554
0.006854,12,11376,11462,0,7.548998
0.006854,12,11376,11471,0,7.024951
0.006854,12,11376,11481,0,7.423579
0.006854,12,11376,11491,0,7.554403
0.006854,12,11376,11500,0,7.104407
0.007473,13,11500,11508,0,5.881874
0.007473,13,11500,11517,0,6.571984
0.007473,13,11500,11526,0,6.242626
0.007473,13,11500,11535,0,6.612996
0.007473,13,11500,11544,0,6.840152
0.007473,13,11500,11553,0,6.417346
0.007473,13,11500,11561,0,6.109969
0.007473,13,11500,11570,0,6.610162
0.007473,13,11500,11578,0,5.869637
0.007473,13,11500,11587,0,6.651514
0.007473,13,11500,11596,0,6.775162
0.007473,13,11500,11605,0,6.784889
0.007473,13,11500,11613,0,6.108038
0.007473,13,11500,11622,0,6.819499
0.008116,14,11625,11632,0,9.040546
0.008116,14,11625,11641,0,7.777181
0.008116,14,11625,11650,0,7.793322
0.008116,14,11625,11659,0,8.375628
0.008116,14,11625,11669,0,9.494334
0.008116,14,11625,11678,0,8.413662
0.008116,14,11625,11687,0,8.221062
0.008116,14,11625,11697,0,9.351103
0.008116,14,11625,11706,0,7.811365
0.008116,14,11625,11715,0,7.929131
0.008116,14,11625,11724,0,8.262935
0.008116,14,11625,11733,0,8.119489
0.008116,14,11625,11742,0,8.154356
0.008116,14,11625,11751,0,8.217493
0.008725,15,11750,11759,0,6.695465
0.008725,15,11750,11767,0,6.541975
0.008725,15,11750,11776,0,7.867607
0.008725,15,11750,11784,0,6.876625
0.008725,15,11750,11792,0,6.574196
0.008725,15,11750,11801,0,7.733830
0.008725,15,11750,11809,0,6.637629
0.008725,15,11750,11818,0,7.683418
0.008725,15,11750,11827,0,7.658608
0.008725,15,11750,11835,0,6.642577
0.008725,15,11750,11843,0,6.563947
0.008725,15,11750,11851,0,6.598134
0.008725,15,11750,11859,0,6.599931
0.008725,15,11750,11867,0,6.718820
0.008725,15,11750,11875,0,6.630222
0.009301,16,11876,11902,0,43.422674
0.009301,16,11876,11927,0,38.953960
0.009301,16,11876,11953,0,41.039932
0.009301,16,11876,11978,0,39.260978
0.009881,17,12001,12005,0,43.329842
0.009881,17,12001,12067,0,113.917967
0.010459,18,12125,12152,0,182.997250
0.010459,18,12125,12217,0,114.740791
0.011084,19,12250,12257,0,72.164345
0.011084,19,12250,12298,0,73.596055
0.011695,20,12375,12381,0,182.535896
0.011695,20,12375,12430,0,86.180659
0.011695,20,12375,12473,0,76.709866
0.012289,21,12501,12519,0,82.022497
0.012289,21,12501,12576,0,105.188805
0.012883,22,12625,12635,0,109.052918
0.012883,22,12625,12701,0,131.460131
0.013487,23,12750,12767,0,132.403151
0.013487,23,12750,12829,0,119.527369
0.014102,24,12876,12912,0,179.222151
0.014102,24,12876,12971,0,105.005168
0.014703,25,13000,13053,0,175.104465
0.015298,26,13125,13138,0,183.594351
0.015298,26,13125,13226,0,173.920838
0.015926,27,13250,13275,0,86.259511
0.015926,27,13250,13286,0,7.444040
0.015926,27,13250,13298,0,7.996323
0.015926,27,13250,13311,0,9.513334
0.015926,27,13250,13322,0,7.528398
0.015926,27,13250,13333,0,7.474953
0.015926,27,13250,13344,0,7.542751
0.015926,27,13250,13356,0,8.271605
0.015926,27,13250,13367,0,7.568386
0.016527,28,13376,13378,0,7.665498
0.016527,28,13376,13386,0,4.134251
0.016527,28,13376,13394,0,4.117713
0.016527,28,13376,13402,0,4.254811
0.016527,28,13376,13410,0,4.643379
0.016527,28,13376,13418,0,4.262108
0.016527,28,13376,13426,0,4.339010
0.016527,28,13376,13434,0,4.176704
0.016527,28,13376,13441,0,4.413631
0.016527,28,13376,13448,0,4.395247
0.016527,28,13376,13455,0,4.320242
0.016527,28,13376,13462,0,4.288615
0.016527,28,13376,13469,0,4.285545
0.016527,28,13376,13477,0,4.263845
0.016527,28,13376,13485,0,4.091872
0.016527,28,13376,13492,0,4.394919
0.016527,28,13376,13500,0,4.048486
0.017145,29,13501,13509,0,4.639489
0.017145,29,13501,13537,0,4.730712
0.017145,29,13501,13546,0,4.392853
0.017145,29,13501,13555,0,4.348110
0.017145,29,13501,13583,0,4.455937
0.017145,29,13501,13611,0,4.332557
0.017145,29,13501,13620,0,4.398873
0.017814,30,13626,13643,0,0.561550
0.017814,30,13626,13668,0,2.343503
0.017814,30,13626,13693,0,1.972366
0.017814,30,13626,13718,0,2.401002
0.017814,30,13626,13742,0,2.372427
0.018429,31,13750,13766,0,1.338160
0.018429,31,13750,13790,0,2.052153
0.018429,31,13750,13816,0,3.238574
0.018429,31,13750,13841,0,2.689411
0.018429,31,13750,13867,0,3.173944
0.019072,32,13875,13892,0,2.599158
0.019072,32,13875,13920,0,36.480025
0.019072,32,13875,13953,0,5.960683
0.019072,32,13875,13986,0,7.201003
0.019714,33,14001,14014,0,32.551990
0.019714,33,14001,14050,0,7.065404
0.019714,33,14001,14073,0,20.945072
0.019714,33,14001,14102,0,34.677000
0.020365,34,14126,14137,0,7.069116
0.020365,34,14126,14173,0,7.807484
0.020365,34,14126,14209,0,7.573528
0.020365,34,14126,14244,0,7.503001
0.020971,35,14250,14282,0,8.248202
0.020971,35,14250,14320,0,8.012351
0.020971,35,14250,14358,0,8.605848
0.021617,36,14375,14396,0,9.205787
0.021617,36,14375,14435,0,9.292877
0.021617,36,14375,14474,0,9.731851
0.022205,37,14501,14517,0,16.877866
0.022205,37,14501,14572,0,93.281079
0.022846,38,14625,14668,0,170.837180
0.022846,38,14625,14723,0,96.855511
0.023466,39,14751,14780,0,105.259145
0.023466,39,14751,14836,0,107.235921
0.024072,40,14875,14888,0,97.912197
0.024072,40,14875,14935,0,85.694641
0.024072,40,14875,14984,0,90.032946
0.024699,41,15001,15031,0,85.227665
0.024699,41,15001,15076,0,79.266415
0.024699,41,15001,15122,0,81.318669
0.025300,42,15126,15172,0,89.249743
0.025300,42,15126,15223,0,91.523056
0.025907,43,15251,15274,0,91.388523
0.025907,43,15251,15325,0,91.233876
0.025907,43,15251,15376,0,92.476013
0.026537,44,15376,15464,0,180.906113
0.027163,45,15501,15523,0,101.129251
0.027163,45,15501,15583,0,103.249497
0.027782,46,15626,15643,0,105.045128
0.027782,46,15626,15703,0,105.999775
0.028396,47,15751,15765,0,115.374746
0.028396,47,15751,15829,0,119.770728
0.029005,48,15875,15886,0,104.562218
0.029005,48,15875,15943,0,103.238041
0.029005,48,15875,16000,0,104.088046
0.029614,49,16001,16057,0,93.397130
0.029614,49,16001,16120,0,115.876622
0.030188,50,16126,16188,0,127.146711
0.030188,50,16126,16203,0,19.356064
0.030808,51,16250,16262,0,106.817539
0.030808,51,16250,16326,0,123.219373
0.031374,52,16375,16406,0,169.649287
0.031374,52,16375,16484,0,168.472658
0.032018,53,16500,16566,0,183.912973
0.032649,54,16625,16649,0,183.293828
0.032649,54,16625,16732,0,171.497947
0.033260,55,16750,16813,0,181.484653
0.033886,56,16875,16896,0,185.402932
0.033886,56,16875,16982,0,169.679630
0.034485,57,17000,17063,0,174.061020
0.035095,58,17125,17146,0,176.508992
0.035095,58,17125,17220,0,141.957617
0.035697,59,17251,17300,0,156.187252
0.035697,59,17251,17345,0,76.932047
0.036293,60,17375,17389,0,76.448668
0.036293,60,17375,17434,0,77.340408
0.036293,60,17375,17479,0,77.778502
0.036943,61,17501,17527,0,84.369730
0.036943,61,17501,17571,0,76.242458
0.036943,61,17501,17615,0,75.888974
0.037552,62,17625,17699,0,169.367580
0.037552,62,17625,17745,0,79.196357
0.038187,63,17750,17833,0,176.194085
0.038806,64,17875,17919,0,176.297457
0.039437,65,18001,18005,0,173.386419
0.039437,65,18001,18090,0,173.723068
0.040054,66,18125,18174,0,172.032922
0.040054,66,18125,18199,0,42.798020
0.040652,67,18251,18284,0,174.757791
0.040652,67,18251,18368,0,170.370532
0.041297,68,18375,18453,0,172.789182
0.041946,69,18500,18542,0,180.829364
0.042591,70,18626,18631,0,173.763233
0.042591,70,18626,18717,0,175.841758
0.043211,71,18750,18804,0,176.142726
0.043799,72,18875,18890,0,174.162965
0.043799,72,18875,18978,0,176.752934
0.044427,73,19000,19065,0,177.708854
0.045057,74,19125,19131,0,127.354565
0.045057,74,19125,19194,0,120.881165
0.045688,75,19250,19280,0,173.524024
0.045688,75,19250,19313,0,48.930093
0.046289,76,19375,19385,0,139.257980
0.046289,76,19375,19417,0,47.948271
0.046289,76,19375,19449,0,47.647330
0.046289,76,19375,19482,0,49.772580
0.046895,77,19501,19548,0,127.426765
0.046895,77,19501,19610,0,118.410274
0.047532,78,19625,19676,0,124.109069
0.047532,78,19625,19694,0,30.958255
0.047532,78,19625,19713,0,32.649762
0.048173,79,19751,19797,0,168.628241
0.048173,79,19751,19816,0,32.545323
0.048173,79,19751,19834,0,30.809828
0.048173,79,19751,19852,0,30.924318
0.048173,79,19751,19870,0,31.032055
0.048781,80,19876,19888,0,30.745208
0.048781,80,19876,19943,0,104.745733
0.048781,80,19876,19963,0,34.646301
0.048781,80,19876,19982,0,33.007320
0.048781,80,19876,20000,0,30.953377
0.049420,81,20000,20019,0,32.717209
0.049420,81,20000,20096,0,148.932482
0.050039,82,20125,20170,0,140.212825
0.050039,82,20125,20188,0,31.051456
0.050039,82,20125,20206,0,30.492697
0.050039,82,20125,20224,0,31.109113
0.050039,82,20125,20243,0,32.730276
0.050695,83,20250,20261,0,30.470423
0.050695,83,20250,20279,0,31.086367
0.050695,83,20250,20297,0,30.839537
0.050695,83,20250,20315,0,30.525509
0.050695,83,20250,20333,0,31.237941
0.050695,83,20250,20351,0,31.386680
0.050695,83,20250,20369,0,31.074782
0.051370,84,20376,20387,0,30.981714
0.051370,84,20376,20405,0,30.647064
0.051370,84,20376,20423,0,31.065104
0.051370,84,20376,20441,0,30.868610
0.051370,84,20376,20459,0,30.644886
0.051370,84,20376,20477,0,30.546344
0.051370,84,20376,20495,0,30.842267
0.052005,85,20501,20514,0,33.063641
0.052005,85,20501,20588,0,139.912046
0.052585,86,20626,20674,0,171.651368
0.053166,87,20751,20762,0,183.554799
0.053166,87,20751,20843,0,157.513428
0.053790,88,20876,20924,0,156.924059
0.054438,89,21000,21007,0,166.261762
0.054438,89,21000,21091,0,178.768128
0.055035,90,21125,21185,0,186.594648
0.055668,91,21251,21273,0,177.961440
0.055668,91,21251,21363,0,182.824098
0.056268,92,21375,21437,0,142.067628
0.056891,93,21501,21510,0,138.425504
0.056891,93,21501,21597,0,177.348056
0.057520,94,21625,21682,0,180.310371
0.058179,95,21751,21771,0,179.076026
0.058179,95,21751,21856,0,177.890009
0.058794,96,21875,21938,0,173.350684
0.059410,97,22001,22033,0,212.113162
0.059410,97,22001,22115,0,173.405118
0.060037,98,22125,22209,0,183.590092
0.060658,99,22251,22304,0,191.383712
0.061262,100,22376,22396,0,171.807713
0.061262,100,22376,22487,0,171.106799
0.061889,101,22501,22585,0,220.246111
0.062517,102,22626,22670,0,161.725521
0.063147,103,22750,22811,0,284.750727
0.063762,104,22876,22932,0,227.650563
0.063762,104,22876,22969,0,58.396228
0.064340,105,23000,23053,0,193.661244
0.064340,105,23000,23124,0,130.039925
0.064919,106,23125,23207,0,140.859418
0.065525,107,23250,23290,0,137.478816
0.065525,107,23250,23303,0,4.802064
0.065525,107,23250,23319,0,5.781428
0.065525,107,23250,23332,0,4.677032
0.065525,107,23250,23347,0,5.620070
0.065525,107,23250,23364,0,6.199115
0.066157,108,23375,23378,0,5.342731
0.066157,108,23375,23398,0,0.818350
0.066157,108,23375,23418,0,0.860965
0.066157,108,23375,23439,0,1.400445
0.066157,108,23375,23459,0,0.700280
0.066157,108,23375,23479,0,0.758665
0.066157,108,23375,23499,0,0.932368
0.066754,109,23501,23524,0,3.246492
0.066754,109,23501,23548,0,2.858691
0.066754,109,23501,23574,0,4.164745
0.066754,109,23501,23599,0,2.511471
0.066754,109,23501,23623,0,2.802958
0.067373,110,23626,23646,0,2.084939
0.067373,110,23626,23669,0,1.558869
0.067373,110,23626,23692,0,1.384424
0.067373,110,23626,23715,0,1.440001
0.067373,110,23626,23738,0,1.934860
0.067982,111,23750,23762,0,2.356467
0.067982,111,23750,23787,0,2.547284
0.067982,111,23750,23812,0,3.190107
0.067982,111,23750,23837,0,3.307919
0.067982,111,23750,23862,0,2.330065
0.068596,112,23875,23887,0,3.111941
0.068596,112,23875,23912,0,2.595000
0.068596,112,23875,23938,0,2.628654
0.068596,112,23875,23965,0,3.246589
0.068596,112,23875,23992,0,3.559844
0.069181,113,24000,24022,0,5.771526
0.069181,113,24000,24035,0,7.109390
0.069181,113,24000,24048,0,6.512178
0.069181,113,24000,24062,0,7.091872
0.069181,113,24000,24075,0,6.596939
0.069181,113,24000,24088,0,6.753454
0.069181,113,24000,24101,0,6.612321
0.069181,113,24000,24114,0,6.766125
0.069181,113,24000,24127,0,6.832251
0.069756,114,24126,24162,0,6.983426
0.069756,114,24126,24195,0,7.188871
0.069756,114,24126,24229,0,6.978820
0.070355,115,24251,24264,0,7.397648
0.070355,115,24251,24295,0,6.328823
0.070355,115,24251,24328,0,6.588840
0.070355,115,24251,24361,0,6.190987
0.070936,116,24376,24395,0,6.541104
0.070936,116,24376,24430,0,6.817244
0.070936,116,24376,24463,0,6.774968
0.070936,116,24376,24497,0,6.508113
0.071574,117,24501,24598,0,79.087579
0.072198,118,24625,24726,0,73.270125
0.072794,119,24750,24866,0,188.210040
0.073383,120,24876,24945,0,111.152338
0.073977,121,25000,25027,0,163.644817
0.073977,121,25000,25106,0,162.038313
0.074597,122,25126,25200,0,208.141365
0.075232,123,25250,25293,0,205.822146
0.075232,123,25250,25305,0,15.152353
0.075232,123,25250,25316,0,13.271175
0.075232,123,25250,25327,0,13.113429
0.075232,123,25250,25340,0,17.738970
0.075232,123,25250,25352,0,15.078586
0.075232,123,25250,25364,0,14.842457
0.075232,123,25250,25376,0,14.972010
0.075844,124,25375,25476,0,214.800342
0.076443,125,25501,25572,0,190.930276
0.077003,126,25625,25682,0,246.041650
0.077606,127,25750,25776,0,185.326574
0.078214,128,25875,25877,0,201.942870
0.078214,128,25875,25963,0,171.632606
0.078830,129,26000,26062,0,219.280862
0.079488,130,26125,26167,0,217.624636
0.080078,131,26251,26274,0,233.350943
0.080689,132,26375,26398,0,280.434442
0.080689,132,26375,26412,0,19.427135
0.080689,132,26375,26426,0,19.120258
0.080689,132,26375,26439,0,17.183721
0.080689,132,26375,26454,0,21.688643
0.080689,132,26375,26468,0,19.723011
0.080689,132,26375,26482,0,19.501111
0.080689,132,26375,26496,0,19.129344
0.081303,133,26500,26510,0,19.358373
0.081303,133,26500,26525,0,21.636671
0.081303,133,26500,26540,0,21.649075
0.081303,133,26500,26555,0,21.315916
0.081303,133,26500,26570,0,21.455959
0.081303,133,26500,26585,0,21.375095
0.081303,133,26500,26600,0,21.631185
0.081303,133,26500,26615,0,21.315747
0.081929,134,26625,26630,0,21.032359
0.081929,134,26625,26744,0,245.787028
0.082545,135,26750,26860,0,284.273150
0.083157,136,26875,26978,0,289.845750
0.083776,137,27000,27099,0,314.520389
0.084402,138,27125,27227,0,337.242369
0.085018,139,27251,27342,0,278.779085
0.085628,140,27375,27471,0,280.235486
0.086282,141,27501,27509,0,60.327824
0.086282,141,27501,27553,0,73.402360
0.086282,141,27501,27589,0,59.219963
0.086879,142,27625,27728,0,349.820548
0.087489,143,27750,27770,0,69.506693
0.087489,143,27750,27831,0,108.145755
0.087489,143,27750,27869,0,61.285628
0.088122,144,27875,27913,0,72.529332
0.088122,144,27875,27956,0,68.879132
0.088737,145,28000,28048,0,157.688416
0.088737,145,28000,28113,0,103.575105
0.089315,146,28126,28169,0,89.047636
0.089315,146,28126,28224,0,31.492567
0.089908,147,28250,28272,0,29.283017
0.089908,147,28250,28312,0,18.241092
0.089908,147,28250,28368,0,52.398510
0.090535,148,28377,28424,0,38.591123
0.091128,149,28500,28547,0,63.460849
0.091735,150,28625,28750,0,136.538542
0.092365,151,28751,28777,0,8.202558
0.092365,151,28751,28804,0,7.734953
0.092365,151,28751,28831,0,7.877243
0.092365,151,28751,28858,0,7.916248
0.093012,152,28875,28891,0,10.902705
0.093012,152,28875,28931,0,11.935438
0.093012,152,28875,28973,0,13.212861
0.093593,153,29001,29015,0,11.913463
0.093593,153,29001,29044,0,8.492699
0.093593,153,29001,29072,0,8.297515
0.093593,153,29001,29100,0,7.909572
0.094194,154,29126,29128,0,8.039832
0.094194,154,29126,29165,0,10.467393
0.094194,154,29126,29202,0,10.410005
0.094194,154,29126,29239,0,10.710307
0.094829,155,29251,29267,0,6.836168
0.094829,155,29251,29295,0,8.278953
0.094829,155,29251,29323,0,7.444079
0.094829,155,29251,29350,0,7.523236
0.095457,156,29375,29378,0,8.103586
0.095457,156,29375,29421,0,12.489013
0.095457,156,29375,29464,0,12.174549
0.096054,157,29501,29506,0,12.219230
0.096054,157,29501,29537,0,6.929876
0.096054,157,29501,29569,0,7.776436
0.096054,157,29501,29603,0,9.502858
0.096685,158,29625,29635,0,7.989114
0.096685,158,29625,29676,0,11.632225
0.096685,158,29625,29717,0,11.349450
0.097313,159,29751,29761,0,13.265402
0.097313,159,29751,29810,0,16.299233
0.097313,159,29751,29862,0,17.307727
0.097960,160,29875,29920,0,20.146452
0.097960,160,29875,29962,0,12.114586
0.097960,160,29875,29995,0,10.481637
0.098590,161,30000,30024,0,6.585004
0.098590,161,30000,30053,0,6.731055
0.098590,161,30000,30082,0,7.138741
0.098590,161,30000,30111,0,6.430476
0.099223,162,30125,30142,0,7.183318
0.099223,162,30125,30183,0,10.819728
0.099223,162,30125,30224,0,10.799899
0.099853,163,30251,30264,0,11.427808
0.099853,163,30251,30305,0,12.148985
0.099853,163,30251,30349,0,12.712480
0.100516,164,30375,30391,0,11.906209
0.100516,164,30375,30431,0,11.870093
0.100516,164,30375,30470,0,10.549580
0.101132,165,30500,30509,0,10.167609
0.101767,166,30625,30681,0,101.512755
0.101767,166,30625,30735,0,71.194761
0.102406,167,30750,30834,0,114.506215
0.103033,168,30876,30917,0,100.150275
0.103033,168,30876,30985,0,94.487583
0.103623,169,31000,31050,0,85.596875
0.103623,169,31000,31064,0,16.609443
0.103623,169,31000,31079,0,18.040206
0.103623,169,31000,31094,0,18.201193
0.103623,169,31000,31109,0,18.280378
0.103623,169,31000,31124,0,18.211786
0.104253,170,31125,31212,0,111.376786
0.104843,171,31250,31305,0,171.461900
0.105462,172,31376,31386,0,97.939254
0.105462,172,31376,31400,0,16.646518
0.105462,172,31376,31414,0,16.718653
0.105462,172,31376,31428,0,16.824722
0.105462,172,31376,31442,0,16.730888
0.105462,172,31376,31456,0,16.693543
0.105462,172,31376,31470,0,16.603837
0.105462,172,31376,31484,0,16.675781
0.105462,172,31376,31498,0,16.588487
0.106066,173,31500,31601,0,127.243951
0.106694,174,31626,31691,0,175.300364
0.106694,174,31626,31738,0,74.152625
0.107305,175,31750,31784,0,72.950397
0.107305,175,31750,31829,0,72.779414
0.107939,176,31876,31925,0,111.278570
0.107939,176,31876,31971,0,75.994321
0.108552,177,32000,32016,0,75.464057
0.108552,177,32000,32116,0,214.098498
0.109198,178,32125,32163,0,74.541078
0.109792,179,32251,32260,0,158.761194
0.109792,179,32251,32308,0,78.265451
0.109792,179,32251,32353,0,75.414999
0.110443,180,32376,32400,0,76.664135
0.111046,181,32501,32506,0,149.463554
0.111046,181,32501,32549,0,72.949720
0.111046,181,32501,32591,0,70.515851
0.111657,182,32625,32649,0,91.623417
0.111657,182,32625,32689,0,68.716182
0.111657,182,32625,32747,0,92.230495
0.112314,183,32750,32790,0,74.160093
0.112314,183,32750,32840,0,79.413290
0.112913,184,32876,32890,0,79.943671
0.112913,184,32876,32951,0,98.956958
0.112913,184,32876,32998,0,75.947276
0.114145,186,33125,33159,0,446.054962
0.114145,186,33125,33229,0,129.636223
0.114719,187,33250,33301,0,132.897747
0.114719,187,33250,33371,0,126.427722
0.115357,188,33375,33461,0,169.782954
0.115989,189,33500,33611,0,385.493043
0.116645,190,33626,33689,0,144.136191
0.117264,191,33750,33776,0,160.054655
0.117886,192,33875,33910,0,345.902484
0.117886,192,33875,33994,0,156.622182
0.118500,193,34001,34078,0,158.460140
0.119111,194,34126,34199,0,296.852107
0.119731,195,34251,34277,0,145.368466
0.119731,195,34251,34356,0,147.287379
0.120994,197,34501,34535,0,550.592004
0.121550,198,34625,34668,0,342.937301
0.122138,199,34750,34781,0,279.836051
0.122739,200,34876,34898,0,286.499186
0.122739,200,34876,34979,0,154.592104
0.123366,201,35000,35099,0,297.923964
0.123968,202,35126,35181,0,156.088094
0.124585,203,35250,35262,0,153.775268
0.124585,203,35250,35340,0,145.585330
0.125206,204,35375,35422,0,155.736214
0.125823,205,35500,35542,0,304.921657
0.125823,205,35500,35624,0,153.769056
0.126525,206,35626,35702,0,145.818269
0.127129,207,35750,35782,0,149.730396
0.127129,207,35750,35859,0,143.713261
0.127695,208,35875,35976,0,287.977397
0.128333,209,36001,36103,0,324.586398
0.128974,210,36125,36178,0,139.397409
0.129587,211,36251,36259,0,147.971541
0.129587,211,36251,36340,0,149.982838
0.130289,212,36376,36416,0,139.169402
0.130289,212,36376,36495,0,145.156441
0.130966,213,36502,36574,0,144.733832
0.131588,214,36625,36656,0,151.208204
0.131588,214,36625,36741,0,158.031008
0.132294,215,36750,36826,0,158.723674
0.132945,216,36876,36913,0,159.802166
0.133602,217,37000,37021,0,240.666563
0.134251,218,37125,37135,0,271.309769
0.134251,218,37125,37171,0,61.693732
0.134251,218,37125,37250,0,155.384916
0.134917,219,37250,37376,0,281.659108
0.135555,220,37375,37482,0,232.216072
0.136226,221,37500,37590,0,243.924045
0.136846,222,37625,37674,0,154.478009
0.136846,222,37625,37751,0,144.607802
0.137491,223,37751,37791,0,64.351542
0.137491,223,37751,37828,0,58.652666
0.137491,223,37751,37864,0,56.677036
0.138107,224,37876,37975,0,250.192631
0.138775,225,38000,38059,0,145.257469
0.139421,226,38126,38159,0,179.341370
0.140074,227,38250,38259,0,179.899467
0.140074,227,38250,38359,0,180.899448
0.140680,228,38375,38439,0,136.242275
0.141326,229,38500,38540,0,183.736379
0.141326,229,38500,38614,0,116.182148
0.141970,230,38625,38698,0,149.209133
0.142570,231,38751,38778,0,141.447855
0.142570,231,38751,38867,0,164.052621
0.143185,232,38876,38951,0,152.244082
0.143834,233,39000,39034,0,152.720436
0.143834,233,39000,39120,0,161.115924
0.144460,234,39125,39191,0,127.557778
0.145121,235,39250,39269,0,144.401521
0.145121,235,39250,39362,0,178.822946
0.145760,236,39376,39453,0,176.592676
0.146404,237,39501,39551,0,187.936560
0.146968,238,39625,39643,0,178.279698
0.146968,238,39625,39733,0,175.018158
0.147620,239,39750,39831,0,186.667622
0.148213,240,39876,39926,0,181.347817
0.148828,241,40001,40021,0,182.032915
0.148828,241,40001,40119,0,186.769823
0.149432,242,40125,40211,0,179.128387
0.150063,243,40251,40310,0,189.006055
0.150660,244,40375,40407,0,185.675716
0.150660,244,40375,40447,0,70.095909
0.150660,244,40375,40485,0,67.142478
0.151253,245,40500,40580,0,191.267725
0.151938,246,40625,40677,0,212.938595
0.152574,247,40750,40796,0,270.691647
0.153181,248,40876,40923,0,283.233489
0.153833,249,41001,41054,0,306.652748
0.154428,250,41125,41189,0,309.942325
0.155043,251,41250,41354,0,418.455915
0.156281,253,41501,41510,0,384.809196
0.156281,253,41501,41622,0,215.086308
0.157831,255,41751,41778,0,385.073098
0.158626,256,41876,41923,0,358.660031
0.159472,257,42000,42038,0,274.482275
0.159472,257,42000,42118,0,147.771613
0.161826,259,42250,42270,0,405.409391
0.163085,260,42375,42436,0,398.543009
0.164283,261,42501,42595,0,428.514652
0.165479,262,42626,42736,0,355.456775
0.166696,263,42750,42803,0,112.633617
0.166696,263,42750,42871,0,114.580883
0.167917,264,42875,42940,0,115.042272
0.169122,265,43000,43010,0,116.820283
0.169122,265,43000,43110,0,213.656267
0.170369,266,43125,43212,0,226.132415
0.171631,267,43251,43352,0,361.766112
0.172885,268,43376,43466,0,259.951513
0.174112,269,43501,43588,0,292.062106
0.175385,270,43626,43716,0,305.399292
0.176645,271,43751,43844,0,304.996712
0.177902,272,43875,43976,0,323.158381
0.179118,273,44000,44109,0,302.369060
0.180362,274,44126,44227,0,264.176167
0.181622,275,44250,44344,0,300.585775
0.182872,276,44375,44382,0,65.156537
0.182872,276,44375,44501,0,301.626406
0.184153,277,44500,44621,0,300.741459
0.185419,278,44626,44661,0,68.398999
0.185419,278,44626,44703,0,71.732206
0.185419,278,44626,44746,0,73.458367
0.186622,279,44750,44782,0,61.878898
0.186622,279,44750,44816,0,57.727464
0.186622,279,44750,44833,0,25.052249
0.186622,279,44750,44864,0,51.886457
0.187869,280,44875,44982,0,313.549160
0.189056,281,45000,45016,0,57.837342
0.189056,281,45000,45054,0,64.368192
0.189056,281,45000,45091,0,62.740672
0.189724,282,45126,45216,0,301.595077
0.189724,282,45126,45252,0,61.137049
0.190520,283,45251,45289,0,63.056908
0.190520,283,45251,45324,0,59.661152
0.190520,283,45251,45361,0,62.550363
0.191359,284,45375,45483,0,294.980761
0.192174,285,45500,45573,0,205.764901
0.192957,286,45625,45690,0,291.026839
0.193728,287,45750,45805,0,296.578831
0.194522,288,45876,45919,0,293.878533
0.195352,289,46000,46033,0,238.202793
0.196205,290,46126,46145,0,292.423352
0.197028,291,46250,46259,0,294.534616
0.197858,292,46375,46379,0,313.117000
0.197858,292,46375,46491,0,303.607208
0.198648,293,46500,46614,0,286.532469
0.199466,294,46625,46737,0,306.999497
0.200306,295,46750,46851,0,248.658730
0.201149,296,46875,46993,0,356.258756
0.201946,297,47001,47125,0,278.228883
0.203581,299,47251,47274,0,372.157460
0.204694,300,47375,47432,0,328.746671
0.207081,302,47625,47633,0,452.990666
0.208274,303,47750,47753,0,192.974572
0.209479,304,47875,47880,0,219.734048
0.210661,305,48000,48077,0,492.943378
0.211938,306,48126,48221,0,350.714906
0.213184,307,48250,48312,0,169.676153
0.214371,308,48375,48486,0,363.124939
0.215575,309,48500,48528,0,51.208258
0.215575,309,48500,48571,0,55.370326
0.216770,310,48625,48672,0,114.120858
0.217993,311,48750,48789,0,112.261139
0.219199,312,48875,48893,0,106.774472
0.220427,313,49000,49042,0,405.244765
0.221637,314,49125,49219,0,182.351668
0.222835,315,49251,49314,0,164.072137
0.224074,316,49376,49399,0,174.772096
0.224074,316,49376,49475,0,148.756452
0.225297,317,49501,49621,0,434.832694
0.227667,319,49750,49784,0,496.044315
0.227667,319,49750,49857,0,134.897092
0.228815,320,49875,49914,0,91.018497
0.228815,320,49875,49969,0,88.964639
0.229988,321,50000,50083,0,224.691270
0.231226,322,50126,50134,0,79.304315
0.231226,322,50126,50241,0,211.789012
0.232362,323,50250,50365,0,280.982405
0.233598,324,50375,50468,0,217.965400
0.234830,325,50500,50585,0,236.914747
0.236041,326,50625,50705,0,271.292512
0.237268,327,50751,50811,0,211.943427
0.238480,328,50876,50888,0,138.864688
0.239715,329,51001,51026,0,308.566587
0.239715,329,51001,51075,0,76.207225
0.240912,330,51125,51131,0,88.094072
0.240912,330,51125,51179,0,73.139301
0.240912,330,51125,51227,0,72.884234
0.242105,331,51250,51303,0,144.750804
0.242105,331,51250,51375,0,134.752171
0.243305,332,51375,51498,0,275.802320
0.245724,334,51626,51677,0,429.567666
0.246912,335,51751,51814,0,306.278495
0.248107,336,51875,51995,0,460.354921
0.250526,338,52125,52132,0,351.320969
0.251704,339,52250,52268,0,273.130477
0.252907,340,52375,52393,0,277.076459
0.254086,341,52500,52561,0,409.333156
0.255227,342,52626,52694,0,352.973204
0.256433,343,52750,52828,0,352.704746
0.257626,344,52875,52955,0,340.255466
0.258824,345,53000,53086,0,322.599817
0.261175,347,53250,53259,0,480.953872
0.262379,348,53375,53405,0,345.934325
0.263582,349,53500,53542,0,339.155792
0.264806,350,53625,53686,0,349.965311
0.265998,351,53750,53821,0,324.257202
0.267233,352,53875,53951,0,313.792494
0.268466,353,54000,54110,0,426.304516
0.269648,354,54126,54238,0,307.711998
0.270873,355,54250,54367,0,321.445195
0.272089,356,54375,54477,0,151.991651
0.273259,357,54501,54581,0,143.919613
0.274441,358,54625,54705,0,317.766834
0.275641,359,54750,54827,0,306.151796
0.276845,360,54875,54994,0,419.787702
0.278026,361,55000,55122,0,346.050484
0.280447,363,55250,55294,0,390.996764
0.281623,364,55375,55464,0,412.736254
0.284058,366,55625,55651,0,424.891824
0.285300,367,55751,55820,0,359.796139
0.286474,368,55875,55984,0,298.722238
0.287698,369,56001,56052,0,98.040521
0.288926,370,56125,56251,0,565.337314
0.290138,371,56250,56321,0,100.517313
0.291377,372,56375,56432,0,147.783426
0.292562,373,56501,56547,0,151.290063
0.293779,374,56626,56714,0,415.382086
0.296219,376,56875,56880,0,397.715256
0.297400,377,57001,57070,0,404.244843
0.299834,379,57250,57257,0,418.796748
0.301077,380,57376,57442,0,400.152367
0.303477,382,57625,57642,0,444.581493
0.304683,383,57751,57762,0,298.415756
0.305896,384,57876,57883,0,289.654678
0.307160,385,58000,58004,0,295.415652
0.307160,385,58000,58123,0,294.523873
0.308363,386,58125,58235,0,276.122088
0.309570,387,58251,58360,0,297.535587
0.310784,388,58375,58489,0,340.702295
0.311987,389,58500,58612,0,305.992418
0.313202,390,58625,58742,0,346.757062
0.314445,391,58751,58862,0,271.418250
0.316878,393,59000,59004,0,420.664876
0.318032,394,59125,59150,0,439.116946
0.319254,395,59250,59300,0,423.965056
0.320420,396,59375,59476,0,560.997583
0.321632,397,59500,59544,0,129.884695
0.322827,398,59625,59695,0,461.442269
0.324019,399,59751,59846,0,467.565060
0.326431,401,60001,60074,0,579.758321
0.327679,402,60126,60222,0,449.327280
0.328877,403,60250,60356,0,292.502491
0.330114,404,60375,60401,0,73.712372
0.331325,405,60500,60542,0,401.544925
0.332555,406,60626,60681,0,291.307093
0.334956,408,60875,60882,0,620.458849
0.336176,409,61000,61019,0,394.748647
0.337389,410,61125,61216,0,564.977147
0.338593,411,61250,61350,0,354.348942
0.339808,412,61375,61471,0,254.131374
0.341025,413,61501,61601,0,350.060443
0.342208,414,61626,61728,0,272.023925
0.343460,415,61751,61867,0,387.051429
0.345882,417,62000,62053,0,370.676033
0.347082,418,62125,62226,0,354.160665
0.348287,419,62250,62331,0,197.155888
0.349473,420,62375,62492,0,430.390669
0.351879,422,62625,62648,0,428.028630
0.351879,422,62625,62741,0,169.578648
0.354236,424,62876,62944,0,338.763614
0.355428,425,63000,63088,0,335.023197
0.357868,427,63250,63284,0,424.630534
0.357868,427,63250,63341,0,97.434159
0.360371,429,63501,63503,0,360.499231
0.361559,430,63625,63743,0,459.769532
0.363941,432,63876,63899,0,381.015796
0.365134,433,64001,64059,0,270.763972
0.366320,434,64125,64232,0,485.302155
0.368743,436,64375,64400,0,258.111069
0.369948,437,64501,64585,0,444.705953
0.372479,439,64750,64771,0,523.471590
0.373712,440,64876,64954,0,486.491158
0.376207,442,65125,65138,0,348.675878
0.377465,443,65251,65305,0,405.964558
0.378660,444,65375,65405,0,49.408128
0.378660,444,65375,65436,0,41.596701
0.379900,445,65500,65544,0,221.460115
0.379900,445,65500,65575,0,41.697449
0.379900,445,65500,65610,0,48.501068
0.381114,446,65626,65644,0,47.292083
0.381114,446,65626,65678,0,47.220560
0.381114,446,65626,65707,0,43.398924
0.381114,446,65626,65741,0,46.618399
0.382330,447,65751,65869,0,274.630196
0.384754,449,66001,66017,0,62.831249
0.385949,450,66125,66211,0,92.177528
0.388391,452,66375,66379,0,67.605216
0.388391,452,66375,66458,0,148.845693
0.389610,453,66500,66536,0,145.467369
0.389610,453,66500,66614,0,146.242871
0.390834,454,66626,66692,0,144.947310
0.392037,455,66750,66770,0,144.963395
0.393211,456,66876,66975,0,97.843666
0.394434,457,67001,67052,0,141.785724
0.395671,458,67125,67131,0,147.023061
0.395671,458,67125,67209,0,145.226290
0.396864,459,67250,67285,0,140.729267
0.396864,459,67250,67360,0,137.861931
0.398078,460,67376,67436,0,141.322620
0.399282,461,67501,67515,0,147.108742
0.399282,461,67501,67594,0,146.157758
0.400530,462,67626,67672,0,146.796684
0.400530,462,67626,67750,0,145.775055
0.401779,463,67750,67829,0,147.997669
0.403036,464,67875,67907,0,148.198314
0.403036,464,67875,67983,0,142.087029
0.405498,466,68125,68127,0,166.869618
0.405498,466,68125,68205,0,148.053083
0.406775,467,68250,68283,0,149.324649
0.406775,467,68250,68362,0,149.204339
0.408036,468,68375,68440,0,145.534588
0.409257,469,68501,68602,0,290.946426
0.411753,471,68750,68803,0,140.046088
0.412966,472,68875,68879,0,141.915643
0.414199,473,69001,69041,0,352.604413
0.414199,473,69001,69116,0,140.181536
0.416669,475,69251,69277,0,327.800099
0.416669,475,69251,69300,0,39.202058
0.417923,476,69376,69429,0,136.081697
0.417923,476,69376,69463,0,63.798507
0.419179,477,69500,69539,0,141.588216
0.419179,477,69500,69619,0,132.512431
0.420418,478,69626,69694,0,133.084278
0.420418,478,69626,69718,0,30.015274
0.420418,478,69626,69751,0,62.430871
0.421663,479,69751,69848,0,119.836996
0.421663,479,69751,69871,0,39.282392
0.422934,480,69876,69973,0,140.456450
0.424171,481,70000,70073,0,124.127785
0.424171,481,70000,70100,0,34.468223
0.425425,482,70126,70204,0,119.975513
0.427938,484,70376,70395,0,134.156853
0.427938,484,70376,70437,0,43.258495
0.427938,484,70376,70475,0,31.697104
0.429202,485,70500,70536,0,56.074687
0.429202,485,70500,70603,0,64.456401
0.430465,486,70625,70636,0,28.056300
0.430465,486,70625,70673,0,29.372520
0.430465,486,70625,70713,0,33.885656
0.430465,486,70625,70750,0,29.363179
0.431725,487,70751,70791,0,34.872184
0.431725,487,70751,70831,0,35.833330
0.432927,488,70876,70984,0,185.534075
0.436593,491,71250,71314,0,288.458517
0.437828,492,71375,71424,0,193.188305
0.437828,492,71375,71476,0,80.483540
0.439087,493,71501,71529,0,83.555906
0.439087,493,71501,71553,0,29.774129
0.439087,493,71501,71578,0,31.147218
0.440343,494,71625,71633,0,87.050922
0.440343,494,71625,71748,0,216.754720
0.442840,496,71875,71930,0,303.809408
0.444121,497,72001,72077,0,228.730501
0.445348,498,72125,72191,0,189.171096
0.446588,499,72251,72341,0,221.951673
0.447842,500,72375,72433,0,119.942338
0.447842,500,72375,72455,0,25.802131
0.447842,500,72375,72476,0,24.377474
0.450264,502,72626,72635,0,279.845594
0.450264,502,72626,72701,0,46.549321
0.451497,503,72751,72754,0,66.249140
0.452697,504,72875,72925,0,251.727424
0.455135,506,73125,73139,0,292.148029
0.456334,507,73250,73285,0,201.658451
0.458770,509,73500,73627,0,313.096206
0.468643,517,74500,74627,0,991.585537
0.479847,526,75625,75627,0,992.204877
0.486043,531,76251,76367,0,786.380511
0.487263,532,76375,76499,0,177.641147
0.488496,533,76501,76611,0,213.508771
0.489690,534,76625,76700,0,117.878781
0.490906,535,76750,76824,0,283.378960
0.492184,536,76875,76941,0,235.148088
0.492184,536,76875,76958,0,22.533037
0.492184,536,76875,76974,0,20.436051
0.493426,537,77000,77093,0,258.837727
0.494673,538,77125,77222,0,259.606744
0.495896,539,77250,77327,0,157.034278
0.497154,540,77375,77497,0,276.907353
0.499637,542,77626,77648,0,327.211972
0.500849,543,77750,77776,0,219.232587
0.502133,544,77876,77917,0,294.820970
0.503374,545,78000,78040,0,194.223791
0.504609,546,78125,78139,0,188.723505
0.505866,547,78250,78264,0,218.278315
0.505866,547,78250,78358,0,123.728504
0.507109,548,78375,78466,0,151.723624
0.508328,549,78501,78602,0,253.847999
0.509520,550,78626,78746,0,266.892931
0.510742,551,78751,78869,0,252.502320
0.512038,552,78876,78973,0,204.353611
0.513304,553,79000,79104,0,279.130481
0.514534,554,79125,79232,0,272.703336
0.515775,555,79250,79356,0,267.397319
0.516983,556,79375,79495,0,309.761948
0.518203,557,79500,79591,0,184.500806
0.519485,558,79626,79679,0,151.556393
0.520693,559,79750,79797,0,241.990309
0.521938,560,79875,79905,0,235.924408
0.523144,561,80000,80012,0,181.679076
0.523144,561,80000,80115,0,208.213357
0.524361,562,80125,80224,0,223.530409
0.525594,563,80251,80342,0,209.262502
0.526808,564,80375,80441,0,186.070634
0.528062,565,80500,80545,0,177.046633
0.528062,565,80500,80610,0,94.052751
0.529271,566,80625,80683,0,106.514233
0.529271,566,80625,80751,0,101.465330
0.530486,567,80751,80865,0,193.113492
0.531723,568,80875,80942,0,115.519863
0.532995,569,81000,81046,0,158.009998
0.534238,570,81125,81151,0,138.976314
0.535481,571,81250,81313,0,253.015905
0.536693,572,81376,81421,0,177.574446
0.537895,573,81500,81526,0,180.977558
0.539089,574,81625,81647,0,185.697585
0.540268,575,81751,81819,0,358.342853
0.541506,576,81875,81903,0,147.257290
0.542733,577,82000,82007,0,169.034006
0.543930,578,82125,82140,0,313.423146
0.543930,578,82125,82224,0,152.217967
0.545106,579,82250,82308,0,150.564804
0.546271,580,82376,82388,0,143.642500
0.546271,580,82376,82462,0,124.686314
0.547464,581,82501,82548,0,142.164363
0.548653,582,82625,82683,0,279.009123
0.549886,583,82750,82781,0,168.030986
0.551108,584,82876,82904,0,152.983137
0.552328,585,83001,83038,0,296.993964
0.553527,586,83125,83174,0,317.732947
0.553527,586,83125,83243,0,134.588196
0.554741,587,83250,83371,0,333.232179
0.557202,589,83500,83505,0,348.971245
0.558420,590,83627,83635,0,340.844332
0.559677,591,83751,83755,0,303.035611
0.559677,591,83751,83846,0,196.003102
0.560897,592,83876,83983,0,329.669107
0.562118,593,84001,84116,0,338.951291
0.563299,594,84125,84139,0,29.830565
0.564524,595,84251,84301,0,264.469460
0.565742,596,84376,84426,0,157.207696
0.568219,598,84626,84653,0,548.813516
0.569440,599,84750,84791,0,316.567371
0.570656,600,84875,84986,0,363.113168
0.573148,602,85125,85172,0,413.966931
0.574345,603,85250,85261,0,71.780023
0.575604,604,85375,85389,0,74.621188
0.575604,604,85375,85481,0,60.856893
0.576787,605,85500,85572,0,58.008137
0.578023,606,85626,85704,0,256.698477
0.579217,607,85750,85813,0,88.401962
0.580425,608,85876,85998,0,288.651117
0.582917,610,86125,86186,0,281.075691
0.585429,612,86375,86385,0,289.477017
0.585429,612,86375,86496,0,293.834369
0.588256,614,86625,86675,0,377.713759
0.589709,615,86750,86800,0,352.838044
0.591112,616,86875,86908,0,285.192717
0.591112,616,86875,86997,0,202.149459
0.593976,618,87125,87127,0,379.155540
0.593976,618,87125,87244,0,316.451706
0.595434,619,87250,87372,0,354.510370
0.596924,620,87376,87484,0,302.328439
0.598335,621,87500,87621,0,391.491785
0.599769,622,87625,87717,0,246.162423
0.601181,623,87750,87860,0,429.222562
0.604068,625,88001,88018,0,511.095160
0.605419,626,88125,88242,0,271.673766
0.608312,628,88375,88414,0,311.874352
0.609720,629,88501,88593,0,570.990541
0.612562,631,88750,88859,0,473.072025
0.615434,633,89001,89072,0,437.750191
0.616852,634,89125,89169,0,106.743399
0.618354,635,89250,89255,0,93.670180
0.619805,636,89375,89454,0,354.688558
0.621249,637,89500,89531,0,89.469349
0.622677,638,89626,89674,0,174.596236
0.622677,638,89626,89748,0,82.672017
0.625540,640,89875,89887,0,203.007410
0.626974,641,90000,90041,0,264.702735
0.628402,642,90126,90137,0,173.314102
0.629800,643,90251,90343,0,427.963796
0.634176,646,90626,90640,0,544.442297
0.634176,646,90626,90683,0,72.989884
0.635613,647,90750,90874,0,317.841737
0.638450,649,91001,91018,0,309.560776
0.639852,650,91126,91143,0,140.918358
0.642709,652,91375,91414,0,645.626490
0.644088,653,91501,91599,0,362.279499
0.646900,655,91750,91769,0,323.186681
0.648334,656,91875,91966,0,243.409712
0.649784,657,92001,92111,0,172.042995
0.652739,659,92250,92352,0,382.358377
0.654177,660,92376,92480,0,261.534665
0.655660,661,92500,92598,0,140.082982
0.657109,662,92626,92717,0,219.296970
0.659962,664,92876,92899,0,247.711663
0.661452,665,93001,93117,0,373.984006
0.665648,668,93376,93382,0,414.903880
0.667083,669,93500,93533,0,169.492238
0.668566,670,93625,93686,0,316.306945
0.669984,671,93750,93833,0,292.866623
0.672893,673,94001,94104,0,749.729629
0.675753,675,94250,94332,0,572.448618
0.680064,678,94626,94673,0,1004.869977
0.681501,679,94750,94866,0,541.945365
0.684330,681,95000,95098,0,630.791489
0.685787,682,95125,95244,0,414.376866
0.687241,683,95250,95359,0,282.736427
0.688655,684,95376,95472,0,270.812971
0.690069,685,95500,95592,0,249.347955
0.693008,687,95750,95778,0,299.845685
0.694506,688,95876,95883,0,236.301533
0.694506,688,95876,95973,0,195.671707
0.695926,689,96001,96098,0,278.774320
0.697371,690,96126,96204,0,258.345528
0.698839,691,96250,96334,0,314.530659
0.700296,692,96375,96425,0,193.528069
0.701710,693,96501,96584,0,409.017255
0.703174,694,96625,96683,0,236.323966
0.704617,695,96750,96789,0,236.122792
0.706092,696,96875,96887,0,212.133241
0.706092,696,96875,96977,0,193.136833
0.706092,696,96875,96993,0,24.175945
0.707534,697,97000,97010,0,25.605299
0.707534,697,97000,97103,0,200.186613
0.708979,698,97125,97233,0,274.001531
0.711979,700,97376,97393,0,431.279856
0.713452,701,97500,97525,0,293.904321
0.714935,702,97626,97657,0,303.179475
0.716360,703,97750,97814,0,434.969538
0.717828,704,97875,97936,0,258.006717
0.719345,705,98001,98082,0,341.610063
0.720772,706,98126,98210,0,281.092717
0.722244,707,98250,98337,0,286.598875
0.723694,708,98375,98465,0,305.279189
0.725144,709,98500,98509,0,76.486240
0.725144,709,98500,98616,0,224.818036
0.727999,711,98750,98752,0,310.038716
0.729502,712,98875,98877,0,319.643895
0.730981,713,99000,99028,0,413.741834
0.732413,714,99125,99178,0,417.844293
0.733867,715,99250,99319,0,416.819418
0.735293,716,99375,99461,0,416.537309
0.736764,717,99500,99603,0,387.105302
0.738215,718,99625,99652,0,88.375465
0.738215,718,99625,99697,0,80.644252
0.738215,718,99625,99742,0,81.303520
0.739729,719,99750,99809,0,123.466526
0.741134,720,99875,99933,0,280.051716
0.741134,720,99875,99988,0,98.602441
0.000006,1,10000,10015,0,31.184131
0.000006,1,10000,10045,0,18.606951
0.000006,1,10000,10074,0,18.141947
0.000006,1,10000,10104,0,18.435734
0.001464,2,10125,10130,0,18.963616
0.001464,2,10125,10137,0,5.824423
0.001464,2,10125,10144,0,5.879277
0.001464,2,10125,10151,0,5.918720
0.001464,2,10125,10158,0,5.914497
0.001464,2,10125,10165,0,5.908797
0.001464,2,10125,10172,0,5.855871
0.001464,2,10125,10179,0,5.942457
0.001464,2,10125,10186,0,5.929188
0.001464,2,10125,10193,0,5.928260
0.001464,2,10125,10200,0,5.857805
0.001464,2,10125,10207,0,5.794991
0.001464,2,10125,10214,0,5.889499
0.001464,2,10125,10221,0,5.802632
0.001464,2,10125,10228,0,5.757139
0.001464,2,10125,10235,0,5.894945
0.001464,2,10125,10242,0,5.758297
0.001464,2,10125,10249,0,5.926715
0.002639,3,10250,10272,0,40.169500
0.002639,3,10250,10294,0,38.720097
0.002639,3,10250,10316,0,38.718956
0.002639,3,10250,10338,0,38.200943
0.002639,3,10250,10361,0,40.485195
0.003805,4,10375,10408,0,86.511209
0.003805,4,10375,10455,0,87.476811
0.004945,5,10500,10503,0,87.353501
0.004945,5,10500,10558,0,98.854555
0.004945,5,10500,10613,0,98.306667
0.006111,6,10625,10648,0,61.266081
0.006111,6,10625,10683,0,57.530518
0.006111,6,10625,10718,0,57.581098
0.007273,7,10750,10782,0,121.624191
0.008485,8,10875,10885,0,189.598062
0.008485,8,10875,10924,0,69.342224
0.008485,8,10875,10997,0,142.414995
0.009685,9,11000,11022,0,43.387520
0.009685,9,11000,11056,0,60.408407
0.009685,9,11000,11090,0,60.412914
0.009685,9,11000,11125,0,62.311214
0.010872,10,11125,11151,0,46.163076
0.010872,10,11125,11177,0,45.779203
0.010872,10,11125,11204,0,47.508189
0.010872,10,11125,11231,0,47.270532
0.012095,11,11250,11278,0,83.068826
0.012095,11,11250,11325,0,83.296005
0.012095,11,11250,11372,0,83.126626
0.013274,12,11375,11416,0,80.476300
0.013274,12,11375,11460,0,80.708346
0.014440,13,11501,11505,0,81.706965
0.014440,13,11501,11580,0,158.158873
0.015594,14,11625,11631,0,89.381278
0.015594,14,11625,11646,0,14.857512
0.015594,14,11625,11661,0,14.729678
0.015594,14,11625,11677,0,16.235268
0.015594,14,11625,11693,0,16.390096
0.015594,14,11625,11708,0,14.887818
0.015594,14,11625,11723,0,14.790066
0.015594,14,11625,11739,0,16.092015
0.016790,15,11750,11753,0,13.206106
0.016790,15,11750,11767,0,12.888081
0.016790,15,11750,11782,0,13.676142
0.016790,15,11750,11796,0,12.738838
0.016790,15,11750,11810,0,12.747432
0.016790,15,11750,11824,0,12.424723
0.016790,15,11750,11838,0,12.649360
0.016790,15,11750,11853,0,13.871227
0.016790,15,11750,11868,0,13.772082
0.018258,16,11875,11882,0,12.232191
0.018258,16,11875,11898,0,15.201406
0.018258,16,11875,11914,0,15.365465
0.018258,16,11875,11930,0,15.399603
0.018258,16,11875,11946,0,15.236366
0.018258,16,11875,11962,0,15.169785
0.018258,16,11875,11978,0,15.234339
0.018258,16,11875,11994,0,15.618175
0.020013,17,12000,12013,0,21.112149
0.020013,17,12000,12031,0,19.227997
0.020013,17,12000,12049,0,19.386555
0.020013,17,12000,12068,0,20.991796
0.020013,17,12000,12087,0,21.021727
0.020013,17,12000,12105,0,19.550521
0.020013,17,12000,12124,0,20.807477
0.021851,18,12125,12220,0,223.138629
0.023680,19,12250,12319,0,230.936217
0.025544,20,12375,12416,0,214.269775
0.027384,21,12500,12514,0,205.681471
0.027384,21,12500,12590,0,123.708595
0.027384,21,12500,12603,0,14.216572
0.029231,22,12625,12681,0,147.684647
0.031054,23,12750,12760,0,154.653457
0.031054,23,12750,12838,0,148.652627
0.032928,24,12875,12929,0,170.141610
0.032928,24,12875,12950,0,37.706783
0.032928,24,12875,12971,0,37.635262
0.034815,25,13000,13046,0,133.220169
0.034815,25,13000,13125,0,153.358471
0.036667,26,13125,13211,0,160.139170
0.038526,27,13250,13301,0,166.936751
0.040349,28,13375,13411,0,220.332524
0.040349,28,13375,13446,0,52.884193
0.040349,28,13375,13483,0,56.394956
0.042210,29,13500,13518,0,53.946180
0.042210,29,13500,13535,0,17.485404
0.042210,29,13500,13552,0,17.159890
0.042210,29,13500,13570,0,18.518803
0.042210,29,13500,13588,0,18.556421
0.042210,29,13500,13607,0,20.523974
0.042210,29,13500,13624,0,17.165340
0.044126,30,13625,13656,0,47.834235
0.044126,30,13625,13673,0,17.128909
0.044126,30,13625,13690,0,17.574173
0.044126,30,13625,13722,0,48.236314
0.044126,30,13625,13740,0,19.371358
0.046022,31,13750,13766,0,35.124263
0.046022,31,13750,13794,0,39.979405
0.046022,31,13750,13822,0,40.416526
0.046022,31,13750,13850,0,41.304406
0.047890,32,13875,13956,0,245.135107
0.049739,33,14000,14061,0,231.027969
0.051610,34,14125,14167,0,233.671766
0.053461,35,14250,14271,0,238.945042
0.053461,35,14250,14369,0,223.077301
0.055300,36,14375,14408,0,64.084230
0.057151,37,14500,14502,0,207.565427
0.057151,37,14500,14596,0,200.618726
0.058990,38,14625,14711,0,240.404289
0.060849,39,14750,14796,0,190.865454
0.062741,40,14875,14916,0,251.522640
0.064624,41,15000,15023,0,247.764571
0.066596,42,15125,15132,0,240.591359
0.066596,42,15125,15214,0,158.420786
0.068400,43,15250,15309,0,205.784881
0.070252,44,15375,15389,0,161.410430
0.070252,44,15375,15469,0,156.880150
0.072183,45,15500,15547,0,154.106985
0.074086,46,15625,15631,0,166.997991
0.074086,46,15625,15723,0,199.538687
0.075959,47,15750,15801,0,158.044946
0.077838,48,15875,15896,0,207.155486
0.077838,48,15875,15989,0,200.753601
0.079800,49,16000,16084,0,198.265135
0.081806,50,16125,16178,0,192.605968
0.083926,51,16250,16274,0,188.010331
0.083926,51,16250,16370,0,197.217507
0.086058,52,16375,16462,0,190.295519
0.088171,53,16500,16556,0,182.676684
0.090297,54,16625,16649,0,177.257156
0.090297,54,16625,16741,0,180.084714
0.092404,55,16750,16832,0,175.910755
0.094540,56,16875,16924,0,174.453202
0.096644,57,17000,17018,0,185.503781
0.096644,57,17000,17109,0,182.420266
0.098582,58,17125,17201,0,183.170272
0.101080,59,17250,17292,0,186.043152
0.103444,60,17375,17383,0,186.138410
0.103444,60,17375,17467,0,164.936887
0.105876,61,17500,17557,0,182.262675
0.108290,62,17625,17646,0,179.287334
0.108290,62,17625,17738,0,185.460059
0.110796,63,17750,17818,0,142.668322
0.113355,64,17875,17909,0,174.430446
0.116089,65,18000,18002,0,199.230076
0.116089,65,18000,18098,0,207.002474
0.118817,66,18125,18192,0,207.956604
0.121557,67,18250,18286,0,213.751234
0.124247,68,18375,18376,0,201.820054
0.124247,68,18375,18471,0,217.785807
0.126925,69,18500,18566,0,222.067288
0.129596,70,18625,18664,0,226.043963
0.132217,71,18750,18758,0,216.399553
0.132217,71,18750,18854,0,222.283974
0.134823,72,18875,18955,0,239.302836
0.137468,73,19000,19059,0,240.122169
0.140126,74,19125,19152,0,209.487283
0.140126,74,19125,19181,0,34.778524
0.140126,74,19125,19245,0,113.720097
0.142799,75,19250,19268,0,26.259827
0.142799,75,19250,19295,0,33.204057
0.142799,75,19250,19320,0,29.885485
0.142799,75,19250,19348,0,34.276757
0.142799,75,19250,19375,0,32.737294
0.145418,76,19375,19392,0,15.325546
0.145418,76,19375,19409,0,15.839278
0.145418,76,19375,19426,0,16.174756
0.145418,76,19375,19448,0,24.778780
0.145418,76,19375,19465,0,15.099344
0.145418,76,19375,19482,0,15.529218
0.145418,76,19375,19499,0,15.206613
0.148066,77,19500,19519,0,21.922947
0.148066,77,19500,19541,0,24.829170
0.148066,77,19500,19562,0,23.265621
0.148066,77,19500,19583,0,23.447464
0.148066,77,19500,19604,0,23.276479
0.148066,77,19500,19625,0,23.062751
0.150718,78,19625,19651,0,31.605426
0.150718,78,19625,19677,0,31.502375
0.150718,78,19625,19703,0,31.372908
0.150718,78,19625,19729,0,31.467640
0.153370,79,19750,19755,0,31.613609
0.153370,79,19750,19785,0,39.454769
0.153370,79,19750,19815,0,39.285886
0.153370,79,19750,19844,0,37.555036
0.153370,79,19750,19873,0,37.571725
0.155967,80,19875,19977,0,196.904601
0.158664,81,20000,20074,0,182.702431
0.161307,82,20125,20174,0,189.967069
0.161307,82,20125,20204,0,39.910164
0.161307,82,20125,20234,0,40.013158
0.163985,83,20250,20324,0,169.021655
0.166725,84,20375,20419,0,180.890652
0.169401,85,20500,20513,0,179.467252
0.169401,85,20500,20608,0,186.754213
0.172062,86,20625,20698,0,174.534390
0.174752,87,20750,20813,0,279.680687
0.177433,88,20875,20946,0,300.582254
0.180087,89,21000,21069,0,288.166882
0.182749,90,21125,21185,0,300.958244
0.185386,91,21250,21310,0,297.099954
0.187982,92,21375,21434,0,285.295221
0.190525,93,21500,21556,0,270.963705
0.193127,94,21625,21677,0,267.712951
0.195682,95,21750,21795,0,277.323955
0.198349,96,21875,21912,0,272.887404
0.200920,97,22000,22032,0,309.533578
0.203154,98,22125,22140,0,291.508880
0.205283,99,22250,22251,0,305.008551
0.205283,99,22250,22360,0,273.709719
0.207620,100,22375,22465,0,254.093781
0.209681,101,22500,22582,0,302.269696
0.211838,102,22625,22708,0,354.529740
0.213880,103,22750,22819,0,279.380449
0.215963,104,22875,22923,0,261.707066
0.215963,104,22875,22942,0,-0.434926
0.215963,104,22875,22962,0,-0.890198
0.215963,104,22875,22981,0,-0.225990
0.215963,104,22875,23000,0,-0.265939
0.217994,105,23000,23019,0,-1.574993
0.217994,105,23000,23037,0,-1.311593
0.217994,105,23000,23055,0,-1.330415
0.217994,105,23000,23073,0,-0.823471
0.217994,105,23000,23091,0,-0.943126
0.217994,105,23000,23109,0,-1.042218
0.220158,106,23125,23127,0,-1.088948
0.220158,106,23125,23149,0,0.721652
0.220158,106,23125,23171,0,0.736006
0.220158,106,23125,23193,0,1.096758
0.220158,106,23125,23215,0,0.940570
0.220158,106,23125,23238,0,0.647610
0.222224,107,23250,23259,0,0.475387
0.222224,107,23250,23278,0,-1.149832
0.222224,107,23250,23297,0,-1.091941
0.222224,107,23250,23316,0,-0.996952
0.222224,107,23250,23335,0,-1.065661
0.222224,107,23250,23354,0,-0.997802
0.222224,107,23250,23372,0,-0.854827
0.224366,108,23375,23391,0,-0.710621
0.224366,108,23375,23410,0,-0.977089
0.224366,108,23375,23429,0,-0.885172
0.224366,108,23375,23448,0,-0.875847
0.224366,108,23375,23467,0,-0.940611
0.224366,108,23375,23486,0,-0.753002
0.226479,109,23500,23505,0,-0.635938
0.226479,109,23500,23524,0,-1.069490
0.226479,109,23500,23543,0,-0.365994
0.226479,109,23500,23562,0,-1.094451
0.226479,109,23500,23581,0,-0.908315
0.226479,109,23500,23600,0,-0.824315
0.226479,109,23500,23618,0,-0.514415
0.228596,110,23625,23639,0,0.390631
0.228596,110,23625,23660,0,0.933701
0.228596,110,23625,23681,0,0.618609
0.228596,110,23625,23702,0,0.849412
0.228596,110,23625,23723,0,0.569786
0.228596,110,23625,23744,0,0.641407
0.230720,111,23750,23765,0,0.602524
0.230720,111,23750,23787,0,1.112886
0.230720,111,23750,23809,0,0.823843
0.230720,111,23750,23831,0,0.332172
0.230720,111,23750,23853,0,0.709144
0.230720,111,23750,23875,0,0.692073
0.232886,112,23875,23893,0,-1.247265
0.232886,112,23875,23911,0,-1.350052
0.232886,112,23875,23929,0,-1.441668
0.232886,112,23875,23947,0,-1.515352
0.232886,112,23875,23966,0,-1.930191
0.232886,112,23875,23984,0,-1.137116
0.235023,113,24000,24002,0,-1.111994
0.235023,113,24000,24023,0,0.098305
0.235023,113,24000,24044,0,0.336759
0.235023,113,24000,24065,0,-0.031799
0.235023,113,24000,24086,0,0.729550
0.235023,113,24000,24107,0,0.824442
0.237133,114,24125,24128,0,0.160392
0.237133,114,24125,24149,0,1.041193
0.237133,114,24125,24170,0,0.836444
0.237133,114,24125,24192,0,0.728021
0.237133,114,24125,24213,0,0.919011
0.237133,114,24125,24234,0,0.868502
0.239290,115,24250,24256,0,0.704096
0.239290,115,24250,24274,0,3.430617
0.239290,115,24250,24301,0,3.729635
0.239290,115,24250,24320,0,3.224296
0.239290,115,24250,24339,0,2.661038
0.239290,115,24250,24359,0,3.389843
0.241427,116,24375,24386,0,4.307954
0.241427,116,24375,24409,0,3.957814
0.241427,116,24375,24430,0,3.255268
0.241427,116,24375,24453,0,3.580586
0.241427,116,24375,24476,0,3.989431
0.241427,116,24375,24499,0,4.619260
0.243486,117,24500,24531,0,7.260524
0.243486,117,24500,24559,0,5.444451
0.243486,117,24500,24590,0,6.026111
0.243486,117,24500,24620,0,6.110201
0.245634,118,24625,24650,0,10.114766
0.245634,118,24625,24690,0,11.892557
0.245634,118,24625,24728,0,10.192740
0.247859,119,24750,24772,0,14.206913
0.247859,119,24750,24810,0,11.243540
0.247859,119,24750,24849,0,11.748130
0.250257,120,24875,24890,0,13.291032
0.250257,120,24875,24911,0,4.125781
0.250257,120,24875,24931,0,4.029240
0.250257,120,24875,24950,0,4.369098
0.250257,120,24875,24971,0,2.919673
0.250257,120,24875,24990,0,4.264623
0.252414,121,25000,25017,0,3.579473
0.252414,121,25000,25040,0,4.072123
0.252414,121,25000,25062,0,3.262146
0.252414,121,25000,25085,0,4.236173
0.252414,121,25000,25114,0,4.783382
0.254516,122,25125,25137,0,3.495959
0.254516,122,25125,25169,0,7.101571
0.254516,122,25125,25202,0,7.804872
0.254516,122,25125,25234,0,7.139663
0.256591,123,25250,25265,0,6.423673
0.256591,123,25250,25295,0,6.357684
0.256591,123,25250,25327,0,7.783786
0.256591,123,25250,25359,0,7.606249
0.258697,124,25375,25392,0,7.847855
0.258697,124,25375,25430,0,11.169887
0.258697,124,25375,25468,0,10.477755
0.264843,127,25750,25761,0,134.021692
0.264843,127,25750,25804,0,11.373053
0.264843,127,25750,25847,0,12.217092
0.268963,129,26000,26006,0,100.731945
0.268963,129,26000,26046,0,10.751662
0.268963,129,26000,26098,0,20.843986
0.271078,130,26125,26143,0,12.629309
0.271078,130,26125,26192,0,18.820788
0.271078,130,26125,26236,0,13.149336
0.273098,131,26250,26309,0,78.246915
0.273098,131,26250,26338,0,51.317630
0.273098,131,26250,26365,0,47.646802
0.275189,132,26375,26401,0,62.572431
0.275189,132,26375,26435,0,59.922588
0.275189,132,26375,26470,0,60.829479
0.277351,133,26500,26504,0,58.970939
0.277351,133,26500,26538,0,57.657851
0.277351,133,26500,26572,0,57.734733
0.277351,133,26500,26607,0,59.021274
0.279424,134,26625,26646,0,67.366033
0.279424,134,26625,26683,0,65.548961
0.279424,134,26625,26721,0,68.157987
0.281517,135,26750,26762,0,73.303539
0.281517,135,26750,26818,0,101.774505
0.283634,136,26875,26877,0,107.239643
0.283634,136,26875,26981,0,254.531747
0.285695,137,27000,27085,0,255.453163
0.287872,138,27125,27190,0,246.808725
0.289912,139,27250,27298,0,258.814129
0.289912,139,27250,27357,0,105.520728
0.292056,140,27375,27396,0,70.798006
0.294161,141,27500,27509,0,272.877493
0.294161,141,27500,27531,0,38.713074
0.294161,141,27500,27554,0,40.298637
0.294161,141,27500,27577,0,40.355317
0.294161,141,27500,27599,0,38.703732
0.294161,141,27500,27620,0,37.039689
0.296327,142,27625,27647,0,48.031727
0.296327,142,27625,27668,0,37.707578
0.296327,142,27625,27690,0,39.132060
0.296327,142,27625,27712,0,38.780094
0.296327,142,27625,27733,0,37.561841
0.298417,143,27750,27822,0,172.786133
0.300610,144,27875,27888,0,120.937066
0.300610,144,27875,27950,0,112.603011
0.302732,145,28000,28009,0,107.483810
0.302732,145,28000,28074,0,119.421167
0.304894,146,28125,28166,0,181.573673
0.307012,147,28250,28292,0,351.531384
0.309155,148,28375,28419,0,345.906453
0.311281,149,28500,28548,0,338.459861
0.313549,150,28625,28676,0,337.797161
0.315979,151,28750,28806,0,318.481505
0.318527,152,28875,28931,0,326.391254
0.321141,153,29000,29052,0,318.834341
0.323858,154,29125,29169,0,294.371987
0.326491,155,29250,29288,0,258.377442
0.326491,155,29250,29335,0,77.909897
0.329283,156,29375,29452,0,276.325332
0.331976,157,29500,29567,0,272.808857
0.334660,158,29625,29683,0,281.284544
0.337308,159,29750,29797,0,271.757471
0.337308,159,29750,29831,0,58.787460
0.337308,159,29750,29864,0,57.410497
0.339927,160,29875,29976,0,290.192036
0.342700,161,30000,30090,0,287.597811
0.345283,162,30125,30208,0,309.248838
0.347983,163,30250,30323,0,292.966037
0.350662,164,30375,30416,0,189.738713
0.350662,164,30375,30495,0,158.248513
0.356283,166,30625,30653,0,287.357565
0.361545,168,30875,30930,0,417.701036
0.364713,169,31000,31123,0,314.404444
0.371176,171,31250,31368,0,401.519472
0.373850,172,31375,31488,0,238.512245
0.376678,173,31500,31529,0,50.807111
0.379527,174,31625,31687,0,283.724016
0.382262,175,31750,31774,0,181.601224
0.384932,176,31875,31935,0,280.708158
0.390215,178,32125,32188,0,394.084071
0.395637,180,32375,32390,0,328.052671
0.398345,181,32500,32508,0,304.294806
0.401166,182,32625,32628,0,321.889116
0.403802,183,32750,32755,0,336.973185
0.403802,183,32750,32870,0,305.465024
0.409042,185,33000,33001,0,367.712592
0.409042,185,33000,33120,0,330.174989
0.411739,186,33125,33157,0,52.662640
0.414427,187,33250,33284,0,361.943951
0.417058,188,33375,33411,0,354.884768
0.419801,189,33500,33538,0,348.901133
0.422468,190,33625,33651,0,265.274718
0.425293,191,33750,33779,0,344.665889
0.427973,192,33875,33908,0,349.490825
0.430665,193,34000,34031,0,335.882551
0.430665,193,34000,34125,0,200.963389
0.436092,195,34250,34257,0,339.182440
0.438904,196,34375,34383,0,324.662582
0.441623,197,34500,34515,0,345.556978
0.441623,197,34500,34597,0,159.560158
0.444228,198,34625,34709,0,275.224704
0.446977,199,34750,34839,0,336.865430
0.449649,200,34875,34931,0,184.372377
0.452354,201,35000,35069,0,323.769407
0.454969,202,35125,35188,0,243.257202
0.457743,203,35250,35315,0,293.032633
0.460408,204,35375,35414,0,193.102663
0.460408,204,35375,35432,0,21.359697
0.460408,204,35375,35449,0,19.546138
0.460408,204,35375,35468,0,22.736154
0.460408,204,35375,35486,0,20.898966
0.463205,205,35500,35503,0,19.696614
0.463205,205,35500,35521,0,19.619114
0.463205,205,35500,35538,0,17.124411
0.463205,205,35500,35556,0,19.072579
0.463205,205,35500,35574,0,18.744669
0.463205,205,35500,35592,0,19.423332
0.463205,205,35500,35610,0,18.680359
0.465932,206,35625,35631,0,25.010017
0.465932,206,35625,35653,0,27.113791
0.465932,206,35625,35678,0,32.707433
0.465932,206,35625,35702,0,30.950783
0.465932,206,35625,35732,0,39.843436
0.468620,207,35750,35765,0,45.089669
0.468620,207,35750,35799,0,48.577657
0.468620,207,35750,35834,0,50.704777
0.468620,207,35750,35870,0,51.373835
0.471287,208,35875,35911,0,60.864328
0.471287,208,35875,35950,0,59.203755
0.471287,208,35875,35990,0,60.092382
0.474058,209,36000,36032,0,64.481076
0.474058,209,36000,36068,0,9.961284
0.474058,209,36000,36104,0,9.348172
0.476791,210,36125,36153,0,72.912552
0.476791,210,36125,36207,0,75.737005
0.479525,211,36250,36275,0,98.675290
0.479525,211,36250,36327,0,73.630589
0.482241,212,36375,36383,0,76.248465
0.482241,212,36375,36420,0,41.847478
0.482241,212,36375,36454,0,36.345784
0.482241,212,36375,36488,0,37.649243
0.485004,213,36500,36536,0,57.770667
0.485004,213,36500,36595,0,27.256500
0.487695,214,36625,36653,0,25.133178
0.490345,215,36750,36838,0,244.564259
0.492974,216,36875,36899,0,23.496101
0.492974,216,36875,36966,0,54.516291
0.495636,217,37000,37043,0,61.092079
0.498388,218,37125,37165,0,207.650002
0.501150,219,37250,37283,0,194.126023
0.501150,219,37250,37366,0,124.080838
0.503891,220,37375,37448,0,104.294380
0.506588,221,37500,37530,0,122.697843
0.506588,221,37500,37605,0,131.572309
0.509261,222,37625,37721,0,151.131798
0.511951,223,37750,37796,0,135.528270
0.514682,224,37875,37883,0,146.485216
0.514682,224,37875,37970,0,147.621353
0.517331,225,38000,38019,0,71.264895
0.517331,225,38000,38092,0,117.755736
0.520000,226,38125,38169,0,139.036455
0.522730,227,38250,38252,0,137.219762
0.522730,227,38250,38344,0,149.018369
0.525801,228,38375,38444,0,162.784905
0.528809,229,38500,38511,0,90.340937
0.528809,229,38500,38574,0,87.665439
0.531484,230,38625,38642,0,89.323647
0.531484,230,38625,38715,0,110.969343
0.534291,231,38750,38788,0,112.501826
0.534291,231,38750,38856,0,94.058019
0.536993,232,38875,38940,0,134.341649
0.539621,233,39000,39033,0,149.581383
0.542298,234,39125,39133,0,164.343774
0.542298,234,39125,39233,0,163.408211
0.544985,235,39250,39341,0,174.908542
0.547655,236,39375,39454,0,184.600381
0.550244,237,39500,39545,0,174.539704
0.550244,237,39500,39600,0,99.443792
0.552891,238,39625,39698,0,196.719836
0.555601,239,39750,39791,0,166.760597
0.555601,239,39750,39838,0,80.370674
0.558207,240,39875,39936,0,221.529154
0.560848,241,40000,40016,0,166.741981
0.560848,241,40000,40063,0,80.028192
0.560848,241,40000,40108,0,77.624418
0.563435,242,40125,40191,0,178.321349
0.566012,243,40250,40289,0,196.076425
0.566012,243,40250,40337,0,83.369598
0.566012,243,40250,40364,0,42.269896
0.568595,244,40375,40387,0,35.820788
0.568595,244,40375,40411,0,37.938494
0.568595,244,40375,40434,0,36.172523
0.568595,244,40375,40458,0,37.704855
0.568595,244,40375,40482,0,38.036294
0.571197,245,40500,40506,0,37.847182
0.571197,245,40500,40564,0,102.009890
0.571197,245,40500,40624,0,106.299327
0.573757,246,40625,40714,0,186.848088
0.576323,247,40750,40807,0,205.222237
0.576323,247,40750,40823,0,23.105463
0.576323,247,40750,40839,0,23.144219
0.576323,247,40750,40853,0,19.439753
0.576323,247,40750,40867,0,19.485308
0.579002,248,40875,40882,0,21.559995
0.579002,248,40875,40898,0,23.327875
0.579002,248,40875,40914,0,23.525095
0.581683,249,41000,41030,0,268.773411
0.581683,249,41000,41114,0,180.932245
0.584321,250,41125,41208,0,203.170284
0.586919,251,41250,41291,0,179.770985
0.589554,252,41375,41421,0,352.945666
0.589554,252,41375,41478,0,101.987831
0.592135,253,41500,41591,0,261.033770
0.594772,254,41625,41660,0,129.433143
0.594772,254,41625,41681,0,32.429452
0.597475,255,41750,41771,0,218.277974
0.597475,255,41750,41863,0,209.856040
0.600107,256,41875,41955,0,211.316160
0.602734,257,42000,42081,0,352.691930
0.605364,258,42125,42210,0,344.737869
0.608025,259,42250,42292,0,172.922054
0.608025,259,42250,42372,0,168.286810
0.610642,260,42375,42427,0,95.211082
0.613327,261,42500,42516,0,193.214742
0.615953,262,42625,42653,0,339.115288
0.618581,263,42750,42775,0,292.656239
0.621232,264,42875,42903,0,345.962396
0.623927,265,43000,43029,0,303.190220
0.626545,266,43125,43166,0,362.801576
0.629158,267,43250,43297,0,356.330524
0.631835,268,43375,43425,0,362.175435
0.634467,269,43500,43552,0,351.281361
0.637109,270,43625,43669,0,330.227666
0.639713,271,43750,43793,0,331.640722
0.642330,272,43875,43915,0,324.086131
0.642330,272,43875,43965,0,72.894268
0.644968,273,44000,44087,0,331.221882
0.647673,274,44125,44159,0,139.271725
0.650259,275,44250,44287,0,362.222718
0.652906,276,44375,44415,0,341.874153
0.655493,277,44500,44519,0,230.144822
0.658169,278,44625,44645,0,344.138687
0.660832,279,44750,44753,0,238.485610
0.660832,279,44750,44866,0,245.826048
0.663537,280,44875,44991,0,330.002881
0.666117,281,45000,45053,0,114.335598
0.666117,281,45000,45115,0,116.521648
0.668774,282,45125,45152,0,64.906537
0.668774,282,45125,45235,0,158.298963
0.671428,283,45250,45325,0,181.066179
0.674026,284,45375,45462,0,363.179835
0.676658,285,45500,45533,0,130.736960
0.676658,285,45500,45612,0,149.979291
0.679325,286,45625,45686,0,137.458352
0.681935,287,45750,45760,0,138.600519
0.684570,288,45875,45891,0,380.852610
0.684570,288,45875,45964,0,136.195293
0.687111,289,46000,46038,0,138.392994
0.687111,289,46000,46120,0,155.283548
0.689720,290,46125,46196,0,141.753713
0.692288,291,46250,46277,0,155.033446
0.692288,291,46250,46356,0,151.717910
0.694973,292,46375,46497,0,377.474539
0.697929,293,46500,46579,0,158.921713
0.700644,294,46625,46650,0,133.698707
0.700644,294,46625,46728,0,153.354131
0.703194,295,46750,46761,0,60.166653
0.703194,295,46750,46839,0,153.379440
0.705806,296,46875,46877,0,69.844371
0.708416,297,47000,47004,0,363.299513
0.708416,297,47000,47122,0,330.375651
0.711101,298,47125,47245,0,357.330815
0.713770,299,47250,47292,0,83.403962
0.716461,300,47375,47424,0,373.360545
0.719094,301,47500,47551,0,374.412589
0.721748,302,47625,47689,0,416.413847
0.724331,303,47750,47814,0,364.927229
0.726928,304,47875,47941,0,376.248866
0.729581,305,48000,48065,0,360.333143
0.732252,306,48125,48190,0,368.225593
0.734904,307,48250,48314,0,365.579422
0.737567,308,48375,48466,0,376.768846
0.740193,309,48500,48592,0,370.741767
0.742863,310,48625,48741,0,396.363396
0.746147,311,48750,48862,0,267.153510
0.749387,312,48875,48933,0,138.332000
0.752059,313,49000,49013,0,149.879761
0.754712,314,49125,49154,0,378.309695
0.757477,315,49250,49294,0,367.955099
0.760138,316,49375,49429,0,347.687938
0.762862,317,49500,49521,0,157.007419
0.765740,318,49625,49706,0,487.511396
0.768440,319,49750,49767,0,106.081504
0.771083,320,49875,49930,0,387.166967
0.773774,321,50000,50006,0,121.470574
0.773774,321,50000,50064,0,103.180791
0.776468,322,50125,50192,0,352.964749
0.779192,323,50250,50331,0,389.222574
0.781869,324,50375,50430,0,197.898334
0.784933,325,50500,50537,0,247.891698
0.784933,325,50500,50608,0,103.831966
0.787774,326,50625,50677,0,102.575413
0.787774,326,50625,50746,0,101.303513
0.790394,327,50750,50821,0,113.140168
0.793036,328,50875,50905,0,125.327727
0.793036,328,50875,50946,0,56.861692
0.793036,328,50875,50988,0,58.229648
0.795729,329,51000,51037,0,70.676789
0.795729,329,51000,51107,0,103.350834
0.798420,330,51125,51235,0,332.082175
0.801101,331,51250,51280,0,66.238407
0.801101,331,51250,51329,0,70.368101
0.801101,331,51250,51372,0,61.087411
0.803840,332,51375,51422,0,96.027266
0.803840,332,51375,51496,0,113.996021
0.806649,333,51500,51544,0,96.435084
0.806649,333,51500,51620,0,132.025686
0.809486,334,51625,51686,0,126.300941
0.809486,334,51625,51706,0,18.060355
0.812499,335,51750,51777,0,121.436141
0.812499,335,51750,51799,0,20.864027
0.812499,335,51750,51860,0,113.098244
0.815328,336,51875,51923,0,113.008184
0.815328,336,51875,51976,0,79.977426
0.818349,337,52000,52029,0,79.101691
0.818349,337,52000,52047,0,14.576504
0.818349,337,52000,52122,0,133.743921
0.821372,338,52125,52142,0,17.093316
0.821372,338,52125,52164,0,20.231133
0.821372,338,52125,52220,0,88.172262
0.824264,339,52250,52288,0,93.704154
0.824264,339,52250,52313,0,24.700552
0.824264,339,52250,52342,0,32.220167
0.824264,339,52250,52364,0,20.564026
0.827259,340,52375,52392,0,31.518681
0.827259,340,52375,52424,0,37.809899
0.827259,340,52375,52470,0,63.410261
0.830104,341,52500,52522,0,76.564426
0.830104,341,52500,52552,0,34.921220
0.830104,341,52500,52580,0,30.396541
0.830104,341,52500,52611,0,34.244849
0.832923,342,52625,52639,0,30.685594
0.832923,342,52625,52674,0,38.865151
0.832923,342,52625,52702,0,30.276353
0.832923,342,52625,52729,0,27.929841
0.835986,343,52750,52760,0,34.526714
0.835986,343,52750,52800,0,45.577822
0.835986,343,52750,52841,0,45.984629
0.838788,344,52875,52908,0,102.700215
0.838788,344,52875,52969,0,100.309569
0.841664,345,53000,53027,0,92.870509
0.841664,345,53000,53088,0,92.298159
0.844662,346,53125,53211,0,210.952155
0.847539,347,53250,53321,0,194.933507
0.850357,348,53375,53494,0,240.170345
0.856151,350,53625,53634,0,250.189364
0.856151,350,53625,53684,0,71.812167
0.856151,350,53625,53734,0,71.560389
0.858995,351,53750,53853,0,213.573831
0.861820,352,53875,53986,0,225.198814
0.864618,353,54000,54106,0,215.575498
0.867455,354,54125,54230,0,238.197638
0.870287,355,54250,54356,0,246.075470
0.873135,356,54375,54493,0,278.179565
0.875890,357,54500,54615,0,257.502208
0.878626,358,54625,54737,0,232.288071
0.881469,359,54750,54855,0,219.162353
0.884303,360,54875,54977,0,238.226888
0.887142,361,55000,55107,0,228.711503
0.889940,362,55125,55234,0,218.746085
0.892720,363,55250,55372,0,232.559159
0.895516,364,55375,55489,0,207.136619
0.898272,365,55500,55615,0,229.816324
0.903940,367,55750,55756,0,264.484096
0.906783,368,55875,55881,0,248.835425
0.909523,369,56000,56005,0,195.952168
0.912253,370,56125,56196,0,361.392278
0.915016,371,56250,56307,0,162.918531
0.917818,372,56375,56419,0,162.123953
0.920710,373,56500,56563,0,254.322073
0.923626,374,56625,56696,0,279.876695
0.926443,375,56750,56817,0,255.938490
0.929156,376,56875,56962,0,298.087562
0.931901,377,57000,57104,0,314.524422
0.934686,378,57125,57222,0,251.032915
0.940331,380,57375,57376,0,341.360792
0.940331,380,57375,57483,0,231.203095
0.943171,381,57500,57538,0,93.890337
0.946021,382,57625,57671,0,315.602972
0.948838,383,57750,57790,0,264.077679
0.951595,384,57875,57920,0,357.860438
0.954430,385,58000,58044,0,313.816371
0.957241,386,58125,58166,0,325.049546
0.960011,387,58250,58291,0,357.507834
0.962758,388,58375,58412,0,313.947437
0.965574,389,58500,58544,0,353.047402
0.968371,390,58625,58675,0,340.523230
0.971178,391,58750,58847,0,469.781148
0.974044,392,58875,58966,0,312.382737
0.976935,393,59000,59091,0,325.601330
0.979702,394,59125,59215,0,341.362345
0.982576,395,59250,59359,0,413.585761
0.988103,397,59500,59515,0,405.383494
0.990934,398,59625,59705,0,495.443395
0.993782,399,59750,59829,0,269.605309
0.993782,399,59750,59851,0,27.713322
0.993782,399,59750,59873,0,27.921278
0.999337,401,60000,60047,0,396.946255
1.004890,403,60250,60258,0,396.935938
1.010441,405,60500,60563,0,515.332244
1.013250,406,60625,60679,0,156.987302
1.016023,407,60750,60788,0,137.892805
1.018822,408,60875,60942,0,323.403169
1.024494,410,61125,61204,0,454.986025
1.030004,412,61375,61436,0,318.442329
1.032729,413,61500,61554,0,232.846168
1.035527,414,61625,61672,0,229.175098
1.038315,415,61750,61794,0,233.398334
1.041092,416,61875,61912,0,230.676338
1.043881,417,62000,62028,0,229.910618
1.046594,418,62125,62147,0,226.902940
1.049456,419,62250,62262,0,223.741282
1.052233,420,62375,62379,0,222.111475
1.052233,420,62375,62492,0,223.171387
1.055026,421,62500,62601,0,210.082414
1.057801,422,62625,62704,0,205.970968
1.060609,423,62750,62826,0,220.144699
1.063418,424,62875,62942,0,219.605144
1.066227,425,63000,63023,0,117.917689
1.069013,426,63125,63182,0,384.918981
1.071796,427,63250,63309,0,223.235168
1.074541,428,63375,63423,0,214.143451
1.074541,428,63375,63470,0,76.555138
1.077318,429,63500,63515,0,72.714089
1.077318,429,63500,63567,0,89.145071
1.077318,429,63500,63618,0,86.258182
1.080104,430,63625,63717,0,198.280871
1.082965,431,63750,63807,0,167.144359
1.085750,432,63875,63900,0,214.018593
1.085750,432,63875,63995,0,210.191360
1.088542,433,64000,64083,0,180.037509
1.091281,434,64125,64154,0,109.667798
1.091281,434,64125,64242,0,168.277770
1.093983,435,64250,64318,0,106.987496
1.096768,436,64375,64480,0,393.609788
1.099573,437,64500,64525,0,55.680906
1.099573,437,64500,64611,0,168.269586
1.102465,438,64625,64684,0,110.999929
1.102465,438,64625,64692,0,5.730597
1.102465,438,64625,64700,0,5.479650
1.102465,438,64625,64708,0,5.972238
1.102465,438,64625,64716,0,5.931690
1.102465,438,64625,64724,0,6.194895
1.102465,438,64625,64732,0,5.894056
1.102465,438,64625,64740,0,5.738369
1.102465,438,64625,64749,0,7.198577
1.105295,439,64750,64757,0,5.639801
1.105295,439,64750,64765,0,5.500744
1.105295,439,64750,64806,0,42.374211
1.105295,439,64750,64815,0,6.264182
1.110919,441,65000,65121,0,482.219194
1.113670,442,65125,65200,0,165.124091
1.116408,443,65250,65284,0,174.026395
1.116408,443,65250,65363,0,165.239962
1.119201,444,65375,65441,0,161.772254
1.122033,445,65500,65521,0,167.135270
1.122033,445,65500,65600,0,162.295052
1.124855,446,65625,65681,0,163.841808
1.127653,447,65750,65798,0,255.059874
1.130483,448,65875,65883,0,187.662160
1.130483,448,65875,65966,0,182.038234
1.133251,449,66000,66081,0,249.096137
1.136081,450,66125,66194,0,246.331287
1.138817,451,66250,66306,0,245.524967
1.141680,452,66375,66417,0,224.147444
1.144432,453,66500,66524,0,219.464845
1.147232,454,66625,66633,0,217.246802
1.147232,454,66625,66743,0,242.539395
1.150120,455,66750,66854,0,250.436668
1.152953,456,66875,66963,0,233.184703
1.155836,457,67000,67066,0,213.122559
1.158610,458,67125,67174,0,243.420231
1.161409,459,67250,67278,0,198.068362
1.164166,460,67375,67393,0,265.876897
1.164166,460,67375,67494,0,210.555654
1.166918,461,67500,67607,0,257.390319
1.169715,462,67625,67726,0,281.522620
1.172546,463,67750,67844,0,271.099203
1.175295,464,67875,67958,0,261.920556
1.178161,465,68000,68064,0,224.852629
1.180948,466,68125,68182,0,292.065871
1.183755,467,68250,68300,0,293.292418
1.186601,468,68375,68427,0,323.500909
1.189504,469,68500,68550,0,317.575687
1.192327,470,68625,68653,0,169.795251
1.195104,471,68750,68801,0,326.104483
1.197850,472,68875,68910,0,140.661049
1.200653,473,69000,69032,0,231.896427
1.203460,474,69125,69162,0,272.665345
1.206213,475,69250,69264,0,197.171002
1.206213,475,69250,69356,0,173.100857
1.209023,476,69375,69466,0,199.876356
1.211834,477,69500,69580,0,264.236396
1.214712,478,69625,69679,0,211.974643
1.217510,479,69750,69785,0,228.398659
1.220347,480,69875,69895,0,237.859676
1.220347,480,69875,69996,0,204.311140
1.223166,481,70000,70096,0,209.363240
1.226060,482,70125,70191,0,185.409109
1.228921,483,70250,70289,0,208.038632
1.231717,484,70375,70398,0,251.117581
1.234465,485,70500,70516,0,275.759887
1.237274,486,70625,70628,0,239.320872
1.237274,486,70625,70724,0,211.136549
1.240143,487,70750,70810,0,172.460378
1.242954,488,70875,70917,0,212.160393
1.245697,489,71000,71021,0,216.361250
1.245697,489,71000,71124,0,210.540103
1.248530,490,71125,71219,0,196.273235
1.251306,491,71250,71322,0,213.067800
1.254005,492,71375,71426,0,220.851619
1.256720,493,71500,71535,0,230.595189
1.256720,493,71500,71574,0,52.208407
1.259527,494,71625,71687,0,235.625964
1.262326,495,71750,71804,0,237.968799
1.265154,496,71875,71921,0,241.182144
1.267937,497,72000,72031,0,165.854408
1.270642,498,72125,72173,0,280.163669
1.273413,499,72250,72308,0,264.032002
1.276158,500,72375,72421,0,172.719991
1.281766,502,72625,72629,0,358.618982
1.284555,503,72750,72768,0,295.754464
1.287339,504,72875,72937,0,315.365366
1.290157,505,73000,73089,0,338.240256
1.292928,506,73125,73218,0,299.926776
1.295727,507,73250,73353,0,301.983850
1.298482,508,73375,73484,0,278.040476
1.304121,510,73625,73626,0,284.564714
1.304121,510,73625,73741,0,248.104556
1.306996,511,73750,73821,0,169.088360
1.309758,512,73875,73899,0,161.549172
1.309758,512,73875,73980,0,164.546526
1.312562,513,74000,74067,0,176.139111
1.315338,514,74125,74176,0,252.518939
1.318151,515,74250,74256,0,171.875221
1.318151,515,74250,74330,0,145.173355
1.320959,516,74375,74407,0,164.171758
1.320959,516,74375,74443,0,50.756317
1.320959,516,74375,74475,0,43.215125
1.323703,517,74500,74507,0,43.480764
1.323703,517,74500,74611,0,230.890176
1.326501,518,74625,74692,0,165.574286
1.329367,519,74750,74779,0,189.795829
1.329367,519,74750,74857,0,156.947748
1.332178,520,74875,74944,0,194.424824
1.332178,520,74875,74979,0,47.503470
1.334967,521,75000,75081,0,224.127831
1.337845,522,75125,75171,0,201.798174
1.340646,523,75250,75265,0,208.557664
1.340646,523,75250,75321,0,81.900581
1.343487,524,75375,75405,0,167.265884
1.343487,524,75375,75489,0,163.573560
1.346205,525,75500,75578,0,199.645790
1.349044,526,75625,75630,0,80.303267
1.349044,526,75625,75736,0,222.322328
1.351856,527,75750,75824,0,179.693595
1.354734,528,75875,75904,0,158.033962
1.354734,528,75875,75992,0,170.417344
1.357520,529,76000,76118,0,376.515595
1.360321,530,76125,76247,0,344.085433
1.363089,531,76250,76325,0,165.151194
1.365855,532,76375,76444,0,259.009919
1.368669,533,76500,76517,0,145.306650
1.368669,533,76500,76546,0,51.401483
1.371508,534,76625,76663,0,316.295105
1.371508,534,76625,76731,0,115.645843
1.374362,535,76750,76798,0,111.530602
1.374362,535,76750,76827,0,50.877177
1.377139,536,76875,76895,0,113.665086
1.377139,536,76875,76967,0,142.879628
1.379936,537,77000,77039,0,144.888376
1.382691,538,77125,77150,0,282.008685
1.382691,538,77125,77219,0,139.795122
1.385446,539,77250,77296,0,154.927422
1.385446,539,77250,77374,0,159.132294
1.388181,540,77375,77494,0,307.236422
1.390979,541,77500,77610,0,300.282850
1.393838,542,77625,77635,0,34.134227
1.393838,542,77625,77663,0,42.305796
1.393838,542,77625,77691,0,42.582438
1.393838,542,77625,77718,0,40.235710
1.393838,542,77625,77747,0,44.473039
1.396623,543,77750,77858,0,285.145629
1.399407,544,77875,77934,0,150.384646
1.402160,545,78000,78011,0,157.635790
1.402160,545,78000,78089,0,161.995024
1.404945,546,78125,78166,0,159.030386
1.404945,546,78125,78242,0,156.269273
1.407781,547,78250,78289,0,89.003473
1.407781,547,78250,78337,0,91.110041
1.410609,548,78375,78417,0,161.907470
1.410609,548,78375,78496,0,159.806472
1.413381,549,78500,78574,0,157.819386
1.416176,550,78625,78690,0,297.514172
1.418903,551,78750,78786,0,227.794311
1.418903,551,78750,78864,0,154.754455
1.421618,552,78875,78940,0,150.338099
1.424357,553,79000,79057,0,296.285589
1.427199,554,79125,79166,0,270.799384
1.427199,554,79125,79210,0,79.360546
1.429953,555,79250,79277,0,130.116374
1.429953,555,79250,79353,0,145.335118
1.432774,556,79375,79431,0,146.916478
1.435542,557,79500,79516,0,166.647297
1.435542,557,79500,79597,0,156.741654
1.438365,558,79625,79674,0,152.188150
1.438365,558,79625,79750,0,152.672097
1.441146,559,79750,79826,0,150.581909
1.443943,560,79875,79902,0,158.242021
1.443943,560,79875,79931,0,47.382180
1.446740,561,80000,80008,0,145.155346
1.446740,561,80000,80125,0,303.613339
1.449673,562,80125,80154,0,46.756128
1.449673,562,80125,80232,0,150.814476
1.452493,563,80250,80308,0,145.971491
1.455276,564,80375,80423,0,304.902038
1.458105,565,80500,80534,0,306.514874
1.460869,566,80625,80647,0,288.569661
1.463610,567,80750,80798,0,438.029021
1.466673,568,80875,80910,0,305.096825
1.469422,569,81000,81022,0,302.451936
1.472187,570,81125,81134,0,300.173952
1.472187,570,81125,81249,0,314.737208
1.474911,571,81250,81374,0,353.681312
1.477751,572,81375,81490,0,314.179545
1.480535,573,81500,81597,0,279.012031
1.483296,574,81625,81716,0,321.907988
1.486130,575,81750,81840,0,337.683282
1.488984,576,81875,81967,0,342.300737
1.491983,577,82000,82099,0,383.323893
1.495455,578,82125,82229,0,373.025585
1.498901,579,82250,82366,0,405.128229
1.502046,580,82375,82491,0,348.222589
1.507979,582,82625,82626,0,389.734261
1.510782,583,82750,82755,0,368.362374
1.513589,584,82875,82904,0,441.353203
1.516395,585,83000,83042,0,387.546131
1.519609,586,83125,83180,0,394.898926
1.522604,587,83250,83314,0,378.632282
1.525439,588,83375,83446,0,370.085972
1.528525,589,83500,83581,0,379.783275
1.531334,590,83625,83716,0,383.545173
1.534110,591,83750,83851,0,384.332699
1.536912,592,83875,83988,0,389.182856
1.539728,593,84000,84124,0,384.262117
1.545335,595,84250,84257,0,370.195416
1.545335,595,84250,84315,0,102.199060
1.545335,595,84250,84337,0,33.691702
1.545335,595,84250,84358,0,31.201785
1.548150,596,84375,84378,0,29.330285
1.548150,596,84375,84401,0,36.583963
1.550953,597,84500,84572,0,471.670812
1.553820,598,84625,84662,0,196.802299
1.553820,598,84625,84738,0,129.256208
1.556714,599,84750,84809,0,131.192739
1.556714,599,84750,84834,0,40.546856
1.559548,600,84875,84964,0,351.655663
1.562383,601,85000,85039,0,148.034440
1.562383,601,85000,85118,0,130.379574
1.565196,602,85125,85179,0,110.543972
1.567985,603,85250,85262,0,156.297447
1.567985,603,85250,85338,0,122.372725
1.570702,604,85375,85420,0,162.327122
1.573515,605,85500,85516,0,217.545938
1.573515,605,85500,85589,0,117.990582
1.576351,606,85625,85669,0,153.858775
1.576351,606,85625,85743,0,121.216525
1.579089,607,85750,85833,0,195.236612
1.581903,608,85875,85913,0,134.510727
1.581903,608,85875,85988,0,130.758555
1.584689,609,86000,86040,0,96.082806
1.584689,609,86000,86113,0,118.220332
1.587519,610,86125,86188,0,129.024731
1.590268,611,86250,86263,0,145.874759
1.590268,611,86250,86337,0,124.445520
1.593094,612,86375,86410,0,121.842359
1.593094,612,86375,86467,0,106.293665
1.595902,613,86500,86552,0,170.585168
1.598703,614,86625,86656,0,253.500587
1.598703,614,86625,86732,0,148.370531
1.601504,615,86750,86806,0,137.954316
1.604365,616,86875,86885,0,154.552563
1.604365,616,86875,86960,0,138.604979
1.607121,617,87000,87037,0,144.528046
1.609862,618,87125,87135,0,221.402634
1.609862,618,87125,87212,0,147.942590
1.612668,619,87250,87291,0,156.786317
1.615595,620,87375,87387,0,220.241164
1.615595,620,87375,87462,0,141.128987
1.618387,621,87500,87538,0,145.349051
1.621293,622,87625,87637,0,232.481132
1.621293,622,87625,87684,0,88.325496
1.624053,623,87750,87793,0,257.941614
1.624053,623,87750,87874,0,156.825123
1.626893,624,87875,87947,0,135.964618
1.629612,625,88000,88022,0,142.759889
1.629612,625,88000,88058,0,64.347886
1.629612,625,88000,88089,0,55.325769
1.629612,625,88000,88120,0,55.348795
1.632472,626,88125,88158,0,67.422793
1.632472,626,88125,88199,0,73.806258
1.632472,626,88125,88250,0,94.121537
1.635312,627,88250,88363,0,282.709678
1.638054,628,88375,88470,0,256.718012
1.640758,629,88500,88577,0,261.417176
1.643579,630,88625,88674,0,235.553498
1.646329,631,88750,88770,0,233.459588
1.646329,631,88750,88800,0,43.192087
1.649210,632,88875,88901,0,264.661256
1.649210,632,88875,88931,0,44.331057
1.652024,633,89000,89047,0,311.991691
1.654835,634,89125,89153,0,275.996588
1.657637,635,89250,89260,0,280.460693
1.657637,635,89250,89303,0,71.395407
1.657637,635,89250,89363,0,112.624556
1.660477,636,89375,89438,0,160.286120
1.660477,636,89375,89499,0,116.406356
1.663277,637,89500,89578,0,174.152793
1.665876,638,89625,89691,0,298.247200
1.668702,639,89750,89821,0,359.373333
1.671485,640,89875,89942,0,333.226197
1.674221,641,90000,90069,0,338.884420
1.674221,641,90000,90104,0,52.861251
1.677003,642,90125,90213,0,289.540074
1.679848,643,90250,90336,0,344.780811
1.682650,644,90375,90451,0,316.623271
1.685447,645,90500,90573,0,352.902877
1.688213,646,90625,90703,0,377.819297
1.690971,647,90750,90813,0,294.543696
1.693807,648,90875,90953,0,374.835926
1.696581,649,91000,91065,0,293.788386
1.699360,650,91125,91172,0,304.545771
1.702168,651,91250,91280,0,305.742711
1.702168,651,91250,91333,0,93.849313
1.704941,652,91375,91427,0,232.110905
1.707729,653,91500,91557,0,356.682547
1.710507,654,91625,91670,0,325.577932
1.713368,655,91750,91757,0,216.065051
1.713368,655,91750,91873,0,345.066450
1.716046,656,91875,91982,0,277.747759
1.718859,657,92000,92102,0,355.888661
1.721588,658,92125,92239,0,329.859701
1.727106,660,92375,92418,0,469.493451
1.729897,661,92500,92621,0,606.608327
1.732712,662,92625,92748,0,304.149182
1.738281,664,92875,92939,0,521.235839
1.743786,666,93125,93132,0,509.223382
1.746544,667,93250,93274,0,225.637585
1.749293,668,93375,93428,0,376.866536
1.752097,669,93500,93510,0,157.936936
1.752097,669,93500,93601,0,176.089578
1.754840,670,93625,93697,0,181.469353
1.760362,672,93875,93890,0,528.025406
1.763064,673,94000,94083,0,574.869727
1.768631,675,94250,94289,0,565.280968
1.774262,677,94500,94506,0,661.837706
1.777070,678,94625,94644,0,297.150595
1.779863,679,94750,94799,0,408.221910
1.782695,680,94875,94948,0,316.092553
1.788499,682,95125,95155,0,570.267354
1.791487,683,95250,95335,0,464.080509
1.794342,684,95375,95488,0,374.995793
1.799860,686,95625,95696,0,645.100570
1.802621,687,95750,95818,0,318.189495
1.805431,688,95875,95901,0,169.078160
1.805431,688,95875,95983,0,135.092384
1.808155,689,96000,96058,0,119.093644
1.810922,690,96125,96135,0,115.280481
1.813704,691,96250,96282,0,353.225107
1.819273,693,96500,96527,0,770.840241
1.822072,694,96625,96737,0,667.448895
1.824844,695,96750,96810,0,130.206590
1.833219,698,97125,97132,0,996.081398
1.833219,698,97125,97201,0,116.366720
1.833219,698,97125,97249,0,93.792416
1.835963,699,97250,97351,0,223.404338
1.838723,700,97375,97377,0,27.324352
1.838723,700,97375,97446,0,118.681861
1.841532,701,97500,97545,0,221.355577
1.844286,702,97625,97710,0,462.005534
1.847068,703,97750,97812,0,239.845444
1.849794,704,97875,97918,0,256.601934
1.852691,705,98000,98108,0,522.802582
1.855594,706,98125,98233,0,282.662033
1.861155,708,98375,98380,0,350.820348
1.861155,708,98375,98462,0,169.436588
1.864132,709,98500,98571,0,216.673399
1.866939,710,98625,98714,0,425.094011
1.872554,712,98875,98889,0,431.529588
1.875371,713,99000,99003,0,253.551895
1.878093,714,99125,99165,0,461.751379
1.880843,715,99250,99254,0,197.823123
1.880843,715,99250,99343,0,190.689636
1.886412,717,99500,99522,0,543.143331
1.889233,718,99625,99627,0,225.766800
1.889233,718,99625,99671,0,74.700609
1.894802,720,99875,99883,0,678.372256
